RENT_DT,USE_CNT
2021-01-01,21873
2021-01-02,23185
2021-01-03,21410
2021-01-04,32436
2021-01-05,28598
2021-01-06,21896
2021-01-07,5472
2021-01-08,7894
2021-01-09,8918
2021-01-10,10887
2021-01-11,19185
2021-01-12,12607
2021-01-13,19417
2021-01-14,32039
2021-01-15,31824
2021-01-16,22083
2021-01-17,17646
2021-01-18,17712
2021-01-19,26274
2021-01-20,36018
2021-01-21,16980
2021-01-22,34017
2021-01-23,42152
2021-01-24,48418
2021-01-25,53089
2021-01-26,25533
2021-01-27,44307
2021-01-28,22162
2021-01-29,23807
2021-01-30,27499
2021-01-31,37268
2021-02-01,39932
2021-02-02,30186
2021-02-03,30063
2021-02-04,19574
2021-02-05,36327
2021-02-06,39896
2021-02-07,34258
2021-02-08,33110
2021-02-09,39562
2021-02-10,44856
2021-02-11,36220
2021-02-12,36594
2021-02-13,49046
2021-02-14,42912
2021-02-15,31330
2021-02-16,22164
2021-02-17,22450
2021-02-18,29140
2021-02-19,43464
2021-02-20,58083
2021-02-21,68152
2021-02-22,52752
2021-02-23,43379
2021-02-24,52245
2021-02-25,51483
2021-02-26,64835
2021-02-27,72862
2021-02-28,60334
2021-03-01,2854
2021-03-02,48865
2021-03-03,59678
2021-03-04,63432
2021-03-05,73517
2021-03-06,59127
2021-03-07,68546
2021-03-08,68286
2021-03-09,69128
2021-03-10,73612
2021-03-11,70819
2021-03-12,64142
2021-03-13,75382
2021-03-14,69190
2021-03-15,69944
2021-03-16,67955
2021-03-17,78887
2021-03-18,81107
2021-03-19,93695
2021-03-20,24222
2021-03-21,52077
2021-03-22,71807
2021-03-23,80802
2021-03-24,86350
2021-03-25,88767
2021-03-26,91602
2021-03-27,19172
2021-03-28,30621
2021-03-29,70466
2021-03-30,92828
2021-03-31,106263
2021-04-01,109842
2021-04-02,104024
2021-04-03,13183
2021-04-04,88135
2021-04-05,103863
2021-04-06,107059
2021-04-07,106838
2021-04-08,98255
2021-04-09,106208
2021-04-10,103173
2021-04-11,105195
2021-04-12,26904
2021-04-13,78367
2021-04-14,91091
2021-04-15,101088
2021-04-16,76305
2021-04-17,66102
2021-04-18,92307
2021-04-19,100462
2021-04-20,105221
2021-04-21,110638
2021-04-22,108307
2021-04-23,107961
2021-04-24,110118
2021-04-25,117597
2021-04-26,112872
2021-04-27,96302
2021-04-28,106554
2021-04-29,97658
2021-04-30,27758
2021-05-01,37804
2021-05-02,105809
2021-05-03,112407
2021-05-04,22163
2021-05-05,114795
2021-05-06,111702
2021-05-07,80907
2021-05-08,67811
2021-05-09,104835
2021-05-10,85923
2021-05-11,119360
2021-05-12,119442
2021-05-13,117500
2021-05-14,117642
2021-05-15,32853
2021-05-16,2278
2021-05-17,54850
2021-05-18,116318
2021-05-19,121585
2021-05-20,61556
2021-05-21,71853
2021-05-22,117103
2021-05-23,104953
2021-05-24,112083
2021-05-25,84823
2021-05-26,109896
2021-05-27,67477
2021-05-28,71586
2021-05-29,57416
2021-05-30,83519
2021-05-31,89736
2021-06-01,110305
2021-06-02,130227
2021-06-03,41123
2021-06-04,131838
2021-06-05,127568
2021-06-06,116208
2021-06-07,121944
2021-06-08,129558
2021-06-09,126823
2021-06-10,82549
2021-06-11,120869
2021-06-12,116059
2021-06-13,103603
2021-06-14,128217
2021-06-15,97851
2021-06-16,139346
2021-06-17,115752
2021-06-18,78992
2021-06-19,122359
2021-06-20,114793
2021-06-21,138150
2021-06-22,124808
2021-06-23,126714
2021-06-24,133807
2021-07-01,138841
2021-07-02,137743
2021-07-03,51620
2021-07-04,34278
2021-07-05,137004
2021-07-06,141662
2021-07-07,120675
2021-07-08,120498
2021-07-09,133456
2021-07-10,108153
2021-07-11,83826
2021-07-12,127758
2021-07-13,127620
2021-07-14,122920
2021-07-15,103474
2021-07-16,104220
2021-07-17,104904
2021-07-18,93802
2021-07-19,95126
2021-07-20,120033
2021-07-21,117562
2021-07-22,114666
2021-07-23,113108
2021-07-24,91765
2021-07-25,80954
2021-07-26,113904
2021-07-27,113804
2021-07-28,108392
2021-07-29,111814
2021-07-30,113315
2021-07-31,90349
2021-08-01,41843
2021-08-02,99540
2021-08-03,117233
2021-08-04,117398
2021-08-05,118191
2021-08-06,117094
2021-08-07,109839
2021-08-08,74141
2021-08-09,126843
2021-08-10,130489
2021-08-11,126803
2021-08-12,105292
2021-08-13,133612
2021-08-14,126115
2021-08-15,117861
2021-08-16,114057
2021-08-17,82016
2021-08-18,118071
2021-08-19,143480
2021-08-20,137273
2021-08-21,40145
2021-08-22,119032
2021-08-23,46677
2021-08-24,40723
2021-08-25,119563
2021-08-26,120851
2021-08-27,84310
2021-08-28,132222
2021-08-29,119694
2021-08-30,140342
2021-08-31,24910
2021-09-01,120878
2021-09-02,137996
2021-09-03,152401
2021-09-04,147176
2021-09-05,137464
2021-09-06,73454
2021-09-07,14588
2021-09-08,138840
2021-09-09,144719
2021-09-10,140570
2021-09-11,135382
2021-09-12,127008
2021-09-13,141730
2021-09-14,143576
2021-09-15,145658
2021-09-16,145363
2021-09-17,149232
2021-09-18,128555
2021-09-19,112616
2021-09-20,104594
2021-09-21,77683
2021-09-22,116905
2021-09-23,145798
2021-09-24,151960
2021-09-25,143602
2021-09-26,139176
2021-09-27,126619
2021-09-28,89041
2021-09-29,57773
2021-09-30,145913
2021-10-01,138474
2021-10-02,136175
2021-10-03,135412
2021-10-04,75924
2021-10-05,119171
2021-10-06,79689
2021-10-07,116809
2021-10-08,70327
2021-10-09,122745
2021-10-10,36210
2021-10-11,122058
2021-10-12,136901
2021-10-13,146343
2021-10-14,145047
2021-10-15,128007
2021-10-16,83278
2021-10-17,69481
2021-10-18,89445
2021-10-19,105112
2021-10-20,116319
2021-10-21,116391
2021-10-22,121577
2021-10-23,107259
2021-10-24,99048
2021-10-25,116238
2021-10-26,125152
2021-10-27,123030
2021-10-28,126387
2021-10-29,129268
2021-10-30,111841
2021-10-31,96419
2021-11-01,119911
2021-11-02,128186
2021-11-03,129594
2021-11-04,123993
2021-11-05,130048
2021-11-06,118833
2021-11-07,111896
2021-11-08,18569
2021-11-09,38917
2021-11-10,82413
2021-11-11,93961
2021-11-12,93366
2021-11-13,89598
2021-11-14,88655
2021-11-15,107707
2021-11-16,108002
2021-11-17,108450
2021-11-18,105793
2021-11-19,113731
2021-11-20,87061
2021-11-21,65968
2021-11-22,72570
2021-11-23,73003
2021-11-24,87852
2021-11-25,91716
2021-11-26,85807
2021-11-27,71353
2021-11-28,66888
2021-11-29,94863
2021-11-30,28587
2021-12-01,62785
2021-12-02,65547
2021-12-03,70087
2021-12-04,59475
2021-12-05,58055
2021-12-06,84020
2021-12-07,89379
2021-12-08,90993
2021-12-09,88633
2021-12-10,73232
2021-12-11,69787
2021-12-12,46233
2021-12-13,62218
2021-12-14,56280
2021-12-15,67884
2021-12-16,80657
2021-12-17,48342
2021-12-18,23784
2021-12-19,19804
2021-12-20,63330
2021-12-21,71556
2021-12-22,73644
2021-12-23,75058
2021-12-24,55216
2021-12-25,18859
2021-12-26,16485
2021-12-27,42521
2021-12-28,51268
2021-12-29,52017
2021-12-30,48993
2021-12-31,40604
2022-01-01,29185
2022-01-02,28914
2022-01-03,53573
2022-01-04,56344
2022-01-05,57413
2022-01-06,59714
2022-01-07,60422
2022-01-08,45366
2022-01-09,38304
2022-01-10,58706
2022-01-11,39715
2022-01-12,45304
2022-01-13,43881
2022-01-14,50087
2022-01-15,41820
2022-01-16,32433
2022-01-17,36605
2022-01-18,46018
2022-01-19,27105
2022-01-20,41568
2022-01-21,51219
2022-01-22,44304
2022-01-23,41704
2022-01-24,63894
2022-01-25,47991
2022-01-26,63246
2022-01-27,59413
2022-01-28,56150
2022-01-29,38024
2022-01-30,31891
2022-01-31,29553
2022-02-01,14212
2022-02-02,28743
2022-02-03,46840
2022-02-04,45787
2022-02-05,31339
2022-02-06,31079
2022-02-07,52453
2022-02-08,58927
2022-02-09,62895
2022-02-10,64927
2022-02-11,67004
2022-02-12,58539
2022-02-13,52389
2022-02-14,46767
2022-02-15,47756
2022-02-16,42522
2022-02-17,46195
2022-02-18,56957
2022-02-19,39653
2022-02-20,30847
2022-02-21,48680
2022-02-22,48398
2022-02-23,47234
2022-02-24,53734
2022-02-25,61573
2022-02-26,38403
2022-02-27,52957
2022-02-28,72542
2022-03-01,49748
2022-03-02,70625
2022-03-03,77700
2022-03-04,72968
2022-03-05,55988
2022-03-06,53875
2022-03-07,72078
2022-03-08,81170
2022-03-09,88625
2022-03-10,86435
2022-03-11,97284
2022-03-12,80704
2022-03-13,37571
2022-03-14,48377
2022-03-15,90277
2022-03-16,98151
2022-03-17,76285
2022-03-18,77855
2022-03-19,33486
2022-03-20,67396
2022-03-21,84756
2022-03-22,96050
2022-03-23,86793
2022-03-24,94936
2022-03-25,80415
2022-03-26,61907
2022-03-27,86816
2022-03-28,104291
2022-03-29,112845
2022-03-30,87831
2022-03-31,110528
2022-04-01,117334
2022-04-02,107302
2022-04-03,111356
2022-04-04,117648
2022-04-05,122858
2022-04-06,127811
2022-04-07,126797
2022-04-08,143545
2022-04-09,148007
2022-04-10,150889
2022-04-11,151754
2022-04-12,119002
2022-04-13,92089
2022-04-14,122654
2022-04-15,141286
2022-04-16,134241
2022-04-17,129927
2022-04-18,139226
2022-04-19,144447
2022-04-20,148079
2022-04-21,149044
2022-04-22,129271
2022-04-23,146570
2022-04-24,133084
2022-04-25,129831
2022-04-26,152367
2022-04-27,156150
2022-04-28,157045
2022-04-29,115321
2022-04-30,125572
2022-05-01,123804
2022-05-02,155868
2022-05-03,161630
2022-05-04,169370
2022-05-05,161574
2022-05-06,167589
2022-05-07,143370
2022-05-08,83449
2022-05-09,165624
2022-05-10,171961
2022-05-11,172189
2022-05-12,173717
2022-05-13,173872
2022-05-14,147975
2022-05-15,146364
2022-05-16,170018
2022-05-17,174664
2022-05-18,147831
2022-05-19,171349
2022-05-20,177475
2022-05-21,158972
2022-05-22,149211
2022-05-23,169251
2022-05-24,176941
2022-05-25,134187
2022-05-26,172688
2022-05-27,183674
2022-05-28,164366
2022-05-29,148794
2022-05-30,161538
2022-05-31,183522
2022-06-01,171655
2022-06-02,177588
2022-06-03,180769
2022-06-04,157500
2022-06-05,126415
2022-06-06,136660
2022-06-07,179409
2022-06-08,182892
2022-06-09,150820
2022-06-10,155223
2022-06-11,160120
2022-06-12,143466
2022-06-13,169956
2022-06-14,166700
2022-06-15,73488
2022-06-16,159975
2022-06-17,181393
2022-06-18,153139
2022-06-19,143464
2022-06-20,181066
2022-06-21,178590
2022-06-22,182183
2022-06-23,54576
2022-06-24,152178
2022-06-25,146769
2022-06-26,122474
2022-06-27,94761
2022-06-28,112003
2022-06-29,52664
2022-06-30,8796
2022-07-01,157477
2022-07-02,131814
2022-07-03,114470
2022-07-04,151495
2022-07-05,149258
2022-07-06,142649
2022-07-07,116853
2022-07-08,150312
2022-07-09,134633
2022-07-10,110494
2022-07-11,146165
2022-07-12,167309
2022-07-13,21922
2022-07-14,152773
2022-07-15,167143
2022-07-16,110506
2022-07-17,128631
2022-07-18,166820
2022-07-19,168900
2022-07-20,145087
2022-07-21,112449
2022-07-22,153208
2022-07-23,79826
2022-07-24,113216
2022-07-25,145896
2022-07-26,160600
2022-07-27,161296
2022-07-28,155343
2022-07-29,147168
2022-07-30,107580
2022-07-31,29814
2022-08-01,108029
2022-08-02,57523
2022-08-03,102129
2022-08-04,148807
2022-08-05,145855
2022-08-06,106405
2022-08-07,97938
2022-08-08,21616
2022-08-09,482
2022-08-10,108150
2022-08-11,108359
2022-08-12,147095
2022-08-13,82346
2022-08-14,87778
2022-08-15,83889
2022-08-16,154262
2022-08-17,157992
2022-08-18,162177
2022-08-19,83749
2022-08-20,124465
2022-08-21,122387
2022-08-22,146073
2022-08-23,152206
2022-08-24,174857
2022-08-25,135157
2022-08-26,177280
2022-08-27,173160
2022-08-28,160419
2022-08-29,108867
2022-08-30,16813
2022-08-31,164300
2022-09-01,179335
2022-09-02,187990
2022-09-03,170688
2022-09-04,39346
2022-09-05,5208
2022-09-06,142342
2022-09-07,179904
2022-09-08,183813
2022-09-09,123214
2022-09-10,108686
2022-09-11,107758
2022-09-12,151839
2022-09-13,167657
2022-09-14,179632
2022-09-15,184021
2022-09-16,132177
2022-09-17,147263
2022-09-18,146845
2022-09-19,183185
2022-09-20,191647
2022-09-21,191552
2022-09-22,189285
2022-09-23,178980
2022-09-24,176718
2022-09-25,162742
2022-09-26,187570
2022-09-27,190671
2022-09-28,191599
2022-09-29,186203
2022-09-30,192637
2022-10-01,167146
2022-10-02,74505
2022-10-03,10808
2022-10-04,146098
2022-10-05,179823
2022-10-06,169380
2022-10-07,181963
2022-10-08,166738
2022-10-09,24967
2022-10-10,72486
2022-10-11,157515
2022-10-12,171261
2022-10-13,175694
2022-10-14,180404
2022-10-15,160506
2022-10-16,134682
2022-10-17,149610
2022-10-18,152317
2022-10-19,159648
2022-10-20,163095
2022-10-21,167708
2022-10-22,146897
2022-10-23,124542
2022-10-24,147964
2022-10-25,157818
2022-10-26,163029
2022-10-27,163518
2022-10-28,167012
2022-10-29,146309
2022-10-30,126689
2022-10-31,160104
2022-11-01,162915
2022-11-02,161137
2022-11-03,146669
2022-11-04,127701
2022-11-05,109289
2022-11-06,106961
2022-11-07,146671
2022-11-08,157940
2022-11-09,157102
2022-11-10,158854
2022-11-11,165829
2022-11-12,66913
2022-11-13,87873
2022-11-14,141076
2022-11-15,125173
2022-11-16,141697
2022-11-17,148575
2022-11-18,152299
2022-11-19,126813
2022-11-20,119926
2022-11-21,147804
2022-11-22,140739
2022-11-23,148237
2022-11-24,146931
2022-11-25,145163
2022-11-26,90546
2022-11-27,82724
2022-11-28,57035
2022-11-29,92577
2022-11-30,75346
2022-12-01,74900
2022-12-02,84066
2022-12-03,57915
2022-12-04,44872
2022-12-05,77692
2022-12-06,80829
2022-12-07,96193
2022-12-08,100976
2022-12-09,102211
2022-12-10,72959
2022-12-11,60127
2022-12-12,59098
2022-12-13,57488
2022-12-14,54483
2022-12-15,37020
2022-12-16,41951
2022-12-17,31405
2022-12-18,25468
2022-12-19,51852
2022-12-20,64281
2022-12-21,31784
2022-12-22,39873
2022-12-23,33721
2022-12-24,28611
2022-12-25,25622
2022-12-26,52582
2022-12-27,58889
2022-12-28,54012
2022-12-29,57392
2022-12-30,56058
2022-12-31,42347
2023-01-01,38027
2023-01-02,56594
2023-01-03,61240
2023-01-04,67705
2023-01-05,68697
2023-01-06,63109
2023-01-07,42485
2023-01-08,44610
2023-01-09,74132
2023-01-10,80600
2023-01-11,81986
2023-01-12,87593
2023-01-13,20790
2023-01-14,25896
2023-01-15,21414
2023-01-16,61309
2023-01-17,67334
2023-01-18,71357
2023-01-19,68357
2023-01-20,51397
2023-01-21,30226
2023-01-22,22752
2023-01-23,30880
2023-01-24,15265
2023-01-25,38328
2023-01-26,24339
2023-01-27,40220
2023-01-28,35889
2023-01-29,38345
2023-01-30,65611
2023-01-31,74828
2023-02-01,72474
2023-02-02,70751
2023-02-03,72688
2023-02-04,57937
2023-02-05,53806
2023-02-06,81304
2023-02-07,86525
2023-02-08,86845
2023-02-09,89610
2023-02-10,68843
2023-02-11,70622
2023-02-12,60691
2023-02-13,91949
2023-02-14,89966
2023-02-15,94660
2023-02-16,87392
2023-02-17,95470
2023-02-18,72418
2023-02-19,57599
2023-02-20,75723
2023-02-21,81583
2023-02-22,90320
2023-02-23,94716
2023-02-24,92585
2023-02-25,68020
2023-02-26,66857
2023-02-27,97891
2023-02-28,102195
2023-03-01,79637
2023-03-02,95447
2023-03-03,107213
2023-03-04,97285
2023-03-05,95137
2023-03-06,121402
2023-03-07,132492
2023-03-08,126426
2023-03-09,109298
2023-03-10,138821
2023-03-11,129565
2023-03-12,40919
2023-03-13,103766
2023-03-14,130018
2023-03-15,123016
2023-03-16,118550
2023-03-17,128102
2023-03-18,114611
2023-03-19,110627
2023-03-20,131589
2023-03-21,150431
2023-03-22,154549
2023-03-23,146754
2023-03-24,149032
2023-03-25,136959
2023-03-26,121287
2023-03-27,137984
2023-03-28,151848
2023-03-29,161393
2023-03-30,167431
2023-03-31,173889
2023-04-01,171977
2023-04-02,172415
2023-04-03,181273
2023-04-04,136858
2023-04-05,23103
2023-04-06,62142
2023-04-07,140639
2023-04-08,131981
2023-04-09,131331
2023-04-10,163117
2023-04-11,105353
2023-04-12,143616
2023-04-13,148978
2023-04-14,167786
2023-04-15,97305
2023-04-16,112186
2023-04-17,160890
2023-04-18,106063
2023-04-19,180746
2023-04-20,150792
2023-04-21,177949
2023-04-22,158022
2023-04-23,140444
2023-04-24,170623
2023-04-25,88205
2023-04-26,153562
2023-04-27,174519
2023-04-28,165729
2023-04-29,51328
2023-04-30,113121
2023-05-01,169162
2023-05-02,181355
2023-05-03,191697
2023-05-04,177946
2023-05-05,15582
2023-05-06,38108
2023-05-07,122748
2023-05-08,178649
2023-05-09,186369
2023-05-10,188817
2023-05-11,188662
2023-05-12,191292
2023-05-13,164529
2023-05-14,159837
2023-05-15,191109
2023-05-16,191712
2023-05-17,193523
2023-05-18,175232
2023-05-19,200047
2023-05-20,170199
2023-05-21,146661
2023-05-22,178832
2023-05-23,199091
2023-05-24,197704
2023-05-25,194903
2023-05-26,195431
2023-05-27,31640
2023-05-28,4992
2023-05-29,142075
2023-05-30,188615
2023-05-31,196321
2023-06-01,199157
2023-06-02,201999
2023-06-03,170763
2023-06-04,155375
2023-06-05,194303
2023-06-06,167365
2023-06-07,196584
2023-06-08,169185
2023-06-09,193083
2023-06-10,141920
2023-06-11,131270
2023-06-12,183366
2023-06-13,203582
2023-06-14,189560
2023-06-15,199262
2023-06-16,200401
2023-06-17,164879
2023-06-18,140332
2023-06-19,181873
2023-06-20,161784
2023-06-21,93551
2023-06-22,192380
2023-06-23,196516
2023-06-24,155928
2023-06-25,133560
2023-06-26,59287
2023-06-27,179787
2023-06-28,185926
2023-06-29,35324
2023-06-30,155249
2023-07-01,138847
2023-07-02,132514
2023-07-03,171024
2023-07-04,79770
2023-07-05,171937
2023-07-06,185513
2023-07-07,191205
2023-07-08,154422
2023-07-09,81833
2023-07-10,159152
2023-07-11,56816
2023-07-12,168413
2023-07-13,41162
2023-07-14,24223
2023-07-15,69393
2023-07-16,93350
2023-07-17,147342
2023-07-18,118187
2023-07-19,173221
2023-07-20,169873
2023-07-21,160859
2023-07-22,84757
2023-07-23,31836
2023-07-24,161068
2023-07-25,158701
2023-07-26,146478
2023-07-27,159891
2023-07-28,153266
2023-07-29,119931
2023-07-30,81861
2023-07-31,145076
2023-08-01,152759
2023-08-02,153379
2023-08-03,152244
2023-08-04,147758
2023-08-05,112326
2023-08-06,96073
2023-08-07,145549
2023-08-08,153586
2023-08-09,155570
2023-08-10,9333
2023-08-11,47227
2023-08-12,102782
2023-08-13,119032
2023-08-14,156349
2023-08-15,132092
2023-08-16,169883
2023-08-17,170943
2023-08-18,161694
2023-08-19,134300
2023-08-20,122591
2023-08-21,163978
2023-08-22,101676
2023-08-23,57839
2023-08-24,148740
2023-08-25,173590
2023-08-26,149424
2023-08-27,126013
2023-08-28,66913
2023-08-29,63963
2023-08-30,100737
2023-08-31,187062
2023-09-01,196232
2023-09-02,167368
2023-09-03,136336
2023-09-04,178035
2023-09-05,174695
2023-09-06,187664
2023-09-07,131815
2023-09-08,196669
2023-09-09,167330
2023-09-10,153528
2023-09-11,199360
2023-09-12,201160
2023-09-13,53258
2023-09-14,194663
2023-09-15,116771
2023-09-16,94642
2023-09-17,135098
2023-09-18,200340
2023-09-19,202883
2023-09-20,37780
2023-09-21,198837
2023-09-22,210999
2023-09-23,186456
2023-09-24,167382
2023-09-25,157391
2023-09-26,27143
2023-09-27,141357
2023-09-28,126055
2023-09-29,103986
2023-09-30,103692
2023-10-01,151018
2023-10-02,171032
2023-10-03,167054
2023-10-04,132535
2023-10-05,186078
2023-10-06,200071
2023-10-07,176984
2023-10-08,141611
2023-10-09,151128
2023-10-10,195284
2023-10-11,204171
2023-10-12,201392
2023-10-13,203658
2023-10-14,111636
2023-10-15,159329
2023-10-16,189740
2023-10-17,191773
2023-10-18,193917
2023-10-19,118197
2023-10-20,170242
2023-10-21,132498
2023-10-22,134063
2023-10-23,184117
2023-10-24,187762
2023-10-25,192775
2023-10-26,164553
2023-10-27,192263
2023-10-28,160763
2023-10-29,147449
2023-10-30,186952
2023-10-31,193104
2023-11-01,187985
2023-11-02,202591
2023-11-03,160425
2023-11-04,161019
2023-11-05,59274
2023-11-06,47696
2023-11-07,138373
2023-11-08,159094
2023-11-09,134268
2023-11-10,129646
2023-11-11,87792
2023-11-12,68273
2023-11-13,117861
2023-11-14,136263
2023-11-15,147363
2023-11-16,58042
2023-11-17,106101
2023-11-18,74022
2023-11-19,84578
2023-11-20,133535
2023-11-21,142663
2023-11-22,148943
2023-11-23,131149
2023-11-24,99890
2023-11-25,70553
2023-11-26,71058
2023-11-27,77695
2023-11-28,109145
2023-11-29,100190
2023-11-30,88347
2023-12-01,92490
2023-12-02,72802
2023-12-03,64169
2023-12-04,109552
2023-12-05,124074
2023-12-06,88353
2023-12-07,120225
2023-12-08,131892
2023-12-09,104904
2023-12-10,90684
2023-12-11,21196
2023-12-12,107447
2023-12-13,122094
2023-12-14,32527
2023-12-15,29491
2023-12-16,35058
2023-12-17,29900
2023-12-18,62247
2023-12-19,66151
2023-12-20,42819
2023-12-21,45351
2023-12-22,46935
2023-12-23,41326
2023-12-24,27591
2023-12-25,27329
2023-12-26,74783
2023-12-27,82138
2023-12-28,82350
2023-12-29,84167
2023-12-30,15214
2023-12-31,29129
2024-01-01,46628
2024-01-02,86397
2024-01-03,71805
2024-01-04,90104
2024-01-05,94923
2024-01-06,57176
2024-01-07,31450
2024-01-08,64949
2024-01-09,38224
2024-01-10,68179
2024-01-11,81574
2024-01-12,83976
2024-01-13,64103
2024-01-14,29011
2024-01-15,69542
2024-01-16,78770
2024-01-17,36748
2024-01-18,75776
2024-01-19,90529
2024-01-20,41782
2024-01-21,36989
2024-01-22,48139
2024-01-23,43595
2024-01-24,50771
2024-01-25,62371
2024-01-26,75062
2024-01-27,57700
2024-01-28,48382
2024-01-29,78801
2024-01-30,86595
2024-01-31,93212
2024-02-01,91540
2024-02-02,94969
2024-02-03,67693
2024-02-04,72950
2024-02-05,28209
2024-02-06,75264
2024-02-07,83368
2024-02-08,87764
2024-02-09,46880
2024-02-10,34184
2024-02-11,42842
2024-02-12,65446
2024-02-13,105495
2024-02-14,123154
2024-02-15,56304
2024-02-16,99952
2024-02-17,89416
2024-02-18,39094
2024-02-19,39917
2024-02-20,54433
2024-02-21,9618
2024-02-22,29137
2024-02-23,75742
2024-02-24,55704
2024-02-25,49385
2024-02-26,98018
2024-02-27,104188
2024-02-28,108932
2024-02-29,102009
2024-03-01,45201
2024-03-02,54612
2024-03-03,65370
2024-03-04,108117
2024-03-05,110776
2024-03-06,116835
2024-03-07,98080
2024-03-08,99704
2024-03-09,78185
2024-03-10,81204
2024-03-11,114631
2024-03-12,79695
2024-03-13,120866
2024-03-14,126955
2024-03-15,130981
2024-03-16,118333
2024-03-17,87951
2024-03-18,123579
2024-03-19,102640
2024-03-20,112266
2024-03-21,122101
2024-03-22,81651
2024-03-23,123500
2024-03-24,142055
2024-03-25,58723
2024-03-26,87487
2024-03-27,141391
2024-03-28,88255
2024-03-29,91980
2024-03-30,111703
2024-03-31,126238
2024-04-01,149994
2024-04-02,167897
2024-04-03,152455
2024-04-04,169109
2024-04-05,175766
2024-04-06,160688
2024-04-07,155131
2024-04-08,165751
2024-04-09,175191
2024-04-10,153280
2024-04-11,159006
2024-04-12,178578
2024-04-13,162838
2024-04-14,147693
2024-04-15,62438
2024-04-16,121305
2024-04-17,163243
2024-04-18,170392
2024-04-19,176552
2024-04-20,41454
2024-04-21,129190
2024-04-22,176570
2024-04-23,151834
2024-04-24,109241
2024-04-25,170645
2024-04-26,180694
2024-04-27,161802
2024-04-28,147977
2024-04-29,180032
2024-04-30,182952
2024-05-01,181438
2024-05-02,186102
2024-05-03,190513
2024-05-04,157012
2024-05-05,14293
2024-05-06,25673
2024-05-07,73349
2024-05-08,176782
2024-05-09,177943
2024-05-10,189085
2024-05-11,62198
2024-05-12,146930
2024-05-13,182533
2024-05-14,192259
2024-05-15,54561
2024-05-16,171716
2024-05-17,190743
2024-05-18,169965
2024-05-19,152131
2024-05-20,178251
2024-05-21,186294
2024-05-22,186670
2024-05-23,185654
2024-05-24,189912
2024-05-25,167421
2024-05-26,62694
2024-05-27,179250
2024-05-28,193341
2024-05-29,189814
2024-05-30,187446
2024-05-31,186890
2024-06-01,167882
2024-06-02,154179
2024-06-03,187320
2024-06-04,194251
2024-06-05,193161
2024-06-06,150186
2024-06-07,176149
2024-06-08,108167
2024-06-09,144223
2024-06-10,184809
2024-06-11,185339
2024-06-12,185735
2024-06-13,180565
2024-06-14,184771
2024-06-15,135545
2024-06-16,138902
2024-06-17,183972
2024-06-18,185037
2024-06-19,176976
2024-06-20,176280
2024-06-21,181228
2024-06-22,60126
2024-06-23,106449
2024-06-24,176784
2024-06-25,194241
2024-06-26,186825
2024-06-27,184932
2024-06-28,178132
2024-06-29,99995
2024-06-30,95578
2024-07-01,182407
2024-07-02,39423
2024-07-03,164914
2024-07-04,158332
2024-07-05,170990
2024-07-06,95365
2024-07-07,82458
2024-07-08,49085
2024-07-09,131039
2024-07-10,157079
2024-07-11,176877
2024-07-12,178467
2024-07-13,132042
2024-07-14,116652
2024-07-15,166488
2024-07-16,93992
2024-07-17,51997
2024-07-18,42866
2024-07-19,158608
2024-07-20,84487
2024-07-21,97476
2024-07-22,85672
2024-07-23,113308
2024-07-24,126749
2024-07-25,131191
2024-07-26,117450
2024-07-27,76392
2024-07-28,102031
2024-07-29,138811
2024-07-30,150500
2024-07-31,149858
2024-08-01,145479
2024-08-02,140142
2024-08-03,105215
2024-08-04,89606
2024-08-05,123144
2024-08-06,136536
2024-08-07,141026
2024-08-08,137386
2024-08-09,139471
2024-08-10,114522
2024-08-11,99627
2024-08-12,143220
2024-08-13,134065
2024-08-14,132723
2024-08-15,102408
2024-08-16,140840
2024-08-17,105962
2024-08-18,93504
2024-08-19,142992
2024-08-20,146658
2024-08-21,73098
2024-08-22,125868
2024-08-23,151292
2024-08-24,105509
2024-08-25,101720
2024-08-26,142224
2024-08-27,149058
2024-08-28,166233
2024-08-29,166655
2024-08-30,167324
2024-08-31,134541
2024-09-01,125165
2024-09-02,153786
2024-09-03,178899
2024-09-04,176847
2024-09-05,142465
2024-09-06,150532
2024-09-07,148975
2024-09-08,131428
2024-09-09,170520
2024-09-10,169974
2024-09-11,154072
2024-09-12,62018
2024-09-13,75820
2024-09-14,115902
2024-09-15,102885
2024-09-16,89290
2024-09-17,79398
2024-09-18,101362
2024-09-19,155480
2024-09-20,49117
2024-09-21,112108
2024-09-22,159558
2024-09-23,188292
2024-09-24,191155
2024-09-25,187724
2024-09-26,176097
2024-09-27,191564
2024-09-28,168997
2024-09-29,154567
2024-09-30,186545
2024-10-01,131743
2024-10-02,176827
2024-10-03,154005
2024-10-04,181957
2024-10-05,165474
2024-10-06,108633
2024-10-07,173882
2024-10-08,182669
2024-10-09,160337
2024-10-10,180117
2024-10-11,189277
2024-10-12,161677
2024-10-13,142161
2024-10-14,171308
2024-10-15,155610
2024-10-16,181089
2024-10-17,181158
2024-10-18,78673
2024-10-19,130839
2024-10-20,122486
2024-10-21,154399
2024-10-22,26814
2024-10-23,143675
2024-10-24,159362
2024-10-25,166443
2024-10-26,145489
2024-10-27,110955
2024-10-28,159272
2024-10-29,154496
2024-10-30,167856
2024-10-31,167806
2024-11-01,166365
2024-11-02,146372
2024-11-03,132606
2024-11-04,153220
2024-11-05,145620
2024-11-06,138896
2024-11-07,140419
2024-11-08,146625
2024-11-09,125840
2024-11-10,115684
2024-11-11,155307
2024-11-12,158282
2024-11-13,162962
2024-11-14,137465
2024-11-15,158829
2024-11-16,80370
2024-11-17,78601
2024-11-18,109664
2024-11-19,124648
2024-11-20,124089
2024-11-21,127456
2024-11-22,127408
2024-11-23,95075
2024-11-24,85897
2024-11-25,130573
2024-11-26,35379
2024-11-27,20902
2024-11-28,42954
2024-11-29,73901
2024-11-30,57419
2024-12-01,58682
2024-12-02,100402
2024-12-03,94706
2024-12-04,97362
2024-12-05,83581
2024-12-06,92777
2024-12-07,66498
2024-12-08,50136
2024-12-09,89574
2024-12-10,95363
2024-12-11,98559
2024-12-12,91964
2024-12-13,89559
2024-12-14,64501
2024-12-15,51238
2024-12-16,78056
2024-12-17,83410
2024-12-18,76127
2024-12-19,79353
2024-12-20,80200
2024-12-21,39452
2024-12-22,37978
2024-12-23,76138
2024-12-24,77776
2024-12-25,45243
2024-12-26,69106
2024-12-27,68320
2024-12-28,45723
2024-12-29,43608
2024-12-30,79477
2024-12-31,72939
2025-01-01,48639
2025-01-02,77709
2025-01-03,77046
2025-01-04,56590
2025-01-05,19711
2025-01-06,62519
2025-01-07,68396
2025-01-08,66707
2025-01-09,47963
2025-01-10,54563
2025-01-11,42547
2025-01-12,38305
2025-01-13,50939
2025-01-14,61048
2025-01-15,64297
2025-01-16,68289
2025-01-17,73506
2025-01-18,56924
2025-01-19,51394
2025-01-20,76898
2025-01-21,76557
2025-01-22,80515
2025-01-23,81294
2025-01-24,85262
2025-01-25,63693
2025-01-26,49381
2025-01-27,16744
2025-01-28,15070
2025-01-29,16396
2025-01-30,28782
2025-01-31,26433
2025-02-01,42900
2025-02-02,47224
2025-02-03,58096
2025-02-04,49323
2025-02-05,50827
2025-02-06,37900
2025-02-07,25537
2025-02-08,29052
2025-02-09,30720
2025-02-10,59298
2025-02-11,70882
2025-02-12,35466
2025-02-13,68731
2025-02-14,79241
2025-02-15,60406
2025-02-16,53209
2025-02-17,68686
2025-02-18,66559
2025-02-19,65341
2025-02-20,65449
2025-02-21,66488
2025-02-22,49411
2025-02-23,37830
2025-02-24,68740
2025-02-25,75269
2025-02-26,81377
2025-02-27,91202
2025-02-28,47221
2025-03-01,58921
2025-03-02,32851
2025-03-03,45444
2025-03-04,52214
2025-03-05,89885
2025-03-06,95222
2025-03-07,98679
2025-03-08,81479
2025-03-09,80197
2025-03-10,103846
2025-03-11,111512
2025-03-12,99718
2025-03-13,110367
2025-03-14,125129
2025-03-15,109746
2025-03-16,50203
2025-03-17,90117
2025-03-18,58999
2025-03-19,93998
2025-03-20,109733
2025-03-21,120512
2025-03-22,115084
2025-03-23,115859
2025-03-24,127282
2025-03-25,115456
2025-03-26,134700
2025-03-27,101742
2025-03-28,112105
2025-03-29,63569
2025-03-30,57013
2025-03-31,115322
2025-04-01,128599
2025-04-02,113270
2025-04-03,127763
2025-04-04,130771
2025-04-05,17053
2025-04-06,104881
2025-04-07,139288
2025-04-08,147585
2025-04-09,124364
2025-04-10,149693
2025-04-11,167343
2025-04-12,53027
2025-04-13,41925
2025-04-14,41889
2025-04-15,124284
2025-04-16,148385
2025-04-17,152474
2025-04-18,154988
2025-04-19,41988
2025-04-20,136745
2025-04-21,158263
2025-04-22,45307
2025-04-23,158598
2025-04-24,150523
2025-04-25,148019
2025-04-26,133576
2025-04-27,116046
2025-04-28,151257
2025-04-29,157192
2025-04-30,165631
2025-05-01,53546
2025-05-02,144932
2025-05-03,62746
2025-05-04,111340
2025-05-05,88946
2025-05-06,121891
2025-05-07,153648
2025-05-08,160258
2025-05-09,24263
2025-05-10,27823
2025-05-11,118903
2025-05-12,157203
2025-05-13,162770
2025-05-14,165177
2025-05-15,113325
2025-05-16,40766
2025-05-17,88198
2025-05-18,134941
2025-05-19,118346
2025-05-20,144464
2025-05-21,157490
2025-05-22,149233
2025-05-23,137430
2025-05-24,113916
2025-05-25,137711
2025-05-26,160643
2025-05-27,163259
2025-05-28,162825
2025-05-29,164642
2025-05-30,173914
2025-05-31,144789
2025-06-01,130285
2025-06-02,148773
2025-06-03,154910
2025-06-04,167578
2025-06-05,172650
2025-06-06,137914
2025-06-07,135697
2025-06-08,122267
2025-06-09,161721
2025-06-10,169011
2025-06-11,168452
2025-06-12,164821
2025-06-13,115906
2025-06-14,131389
2025-06-15,88162
2025-06-16,111001
2025-06-17,164921
2025-06-18,165123
2025-06-19,156768
2025-06-20,13179
2025-06-21,108852
2025-06-22,124126
2025-06-23,159484
2025-06-24,136676
2025-06-25,51322
2025-06-26,146464
2025-06-27,154648
2025-06-28,100480
2025-06-29,111429
2025-06-30,150277
2025-07-01,132912
2025-07-02,151651
2025-07-03,151091
2025-07-04,151365
2025-07-05,118353
2025-07-06,106785
2025-07-07,146663
2025-07-08,115370
2025-07-09,136302
2025-07-10,139732
2025-07-11,144181
2025-07-12,109929
2025-07-13,90889
2025-07-14,67420
2025-07-15,109498
2025-07-16,51408
2025-07-17,30839
2025-07-18,83541
2025-07-19,37126
2025-07-20,90404
2025-07-21,140597
2025-07-22,143954
2025-07-23,144386
2025-07-24,138903
2025-07-25,130671
2025-07-26,92788
2025-07-27,79637
2025-07-28,119819
2025-07-29,122990
2025-07-30,126207
2025-07-31,130746
2025-08-01,125616
2025-08-02,96593
2025-08-03,71584
2025-08-04,121342
2025-08-05,138013
2025-08-06,85551
2025-08-07,138007
2025-08-08,141953
2025-08-09,101048
2025-08-10,106668
2025-08-11,148096
2025-08-12,148459
2025-08-13,26358
2025-08-14,80291
2025-08-15,91507
2025-08-16,108987
2025-08-17,104200
2025-08-18,108971
2025-08-19,140132
2025-08-20,142190
2025-08-21,141944
2025-08-22,141080
2025-08-23,114416
2025-08-24,98956
2025-08-25,112100
2025-08-26,119255
2025-08-27,148793
2025-08-28,148650
2025-08-29,110681
2025-08-30,94645
2025-08-31,103141
2025-09-01,89505
2025-09-02,154041
2025-09-03,155136
2025-09-04,99884
2025-09-05,152732
2025-09-06,57072
2025-09-07,116306
2025-09-08,152238
2025-09-09,165309
2025-09-10,165849
2025-09-11,166211
2025-09-12,106260
2025-09-13,113754
2025-09-14,134623
2025-09-15,165343
2025-09-16,107806
2025-09-17,84085
2025-09-18,168435
2025-09-19,62548
2025-09-20,112489
2025-09-21,146259
2025-09-22,169397
2025-09-23,173585
2025-09-24,69984
2025-09-25,157347
2025-09-26,176011
2025-09-27,153156
2025-09-28,77624
2025-09-29,168318
2025-09-30,170955
2025-10-01,169645
2025-10-02,175021
2025-10-03,89958
2025-10-04,113200
2025-10-05,53622
2025-10-06,10493
2025-10-07,26673
2025-10-08,126692
2025-10-09,113031
2025-10-10,13939
2025-10-11,55776
2025-10-12,108469
2025-10-13,28941
2025-10-14,130812
2025-10-15,119884
2025-10-16,152149
2025-10-17,112544
2025-10-18,99434
2025-10-19,116009
2025-10-20,131382
2025-10-21,134707
2025-10-22,145055
2025-10-23,151467
2025-10-24,154754
2025-10-25,124942
2025-10-26,82071
2025-10-27,119997
2025-10-28,127462
2025-10-29,137699
2025-10-30,140129
2025-10-31,141807
2025-11-01,94090
2025-11-02,78413
2025-11-03,117514
2025-11-04,131250
2025-11-05,137250
2025-11-06,138404
2025-11-07,141345
2025-11-08,109656
2025-11-09,96346
2025-11-10,119499
2025-11-11,128960
2025-11-12,134781
2025-11-13,130926
2025-11-14,126744
2025-11-15,100268
2025-11-16,86122
2025-11-17,94202
2025-11-18,96573
2025-11-19,103020
2025-11-20,111930
2025-11-21,112820
2025-11-22,90719
2025-11-23,80048
2025-11-24,118617
2025-11-25,72261
2025-11-26,113310
2025-11-27,66248
2025-11-28,99551
2025-11-29,75838
2025-11-30,80210
2025-12-01,101498
2025-12-02,85747
2025-12-03,68173
2025-12-04,56809
2025-12-05,35921
2025-12-06,40497
2025-12-07,56846
2025-12-08,85128
2025-12-09,90395
2025-12-10,95042
2025-12-11,71945
2025-12-12,86950
2025-12-13,19152
2025-12-14,43136
2025-12-15,80403
2025-12-16,48592
2025-12-17,84960
2025-12-18,87556
2025-12-19,91581
2025-12-20,46467
2025-12-21,45073
2025-12-22,76797
2025-12-23,38687
2025-12-24,73410
2025-12-25,32281
2025-12-26,45681
2025-12-27,42381
2025-12-28,40774
2025-12-29,66651
2025-12-30,71025
2025-12-31,55569
