UDI,Target
10001,0.3634577777777778
10002,0.1676577777777778
10003,0.16553777777777776
10004,0.6278555555555556
10005,0.9446444444444445
10006,0.6441355555555556
10007,0.03181555555555556
10008,0.2562688888888889
10009,0.21336444444444447
10010,0.2916277777777778
10011,0.8617199999999999
10012,0.8686822222222221
10013,0.7586333333333334
10014,0.7782933333333334
10015,0.052344444444444437
10016,0.33674444444444446
10017,0.38457111111111103
10018,0.30320777777777774
10019,0.4921377777777778
10020,0.5449444444444445
10021,0.9661577777777778
10022,0.9102777777777779
10023,0.12604555555555555
10024,0.4326655555555556
10025,0.3856888888888889
10026,0.3748466666666667
10027,0.6827733333333331
10028,0.5347177777777777
10029,0.2447
10030,0.3649088888888888
10031,0.12486555555555556
10032,0.44103333333333333
10033,0.5343266666666667
10034,0.10143333333333336
10035,0.2681577777777778
10036,0.9308866666666665
10037,0.15095777777777777
10038,0.5935444444444443
10039,0.8314622222222224
10040,0.5123555555555557
10041,0.5104700000000001
10042,0.6955044444444448
10043,0.34445333333333333
10044,0.7251755555555556
10045,0.6908022222222224
10046,0.1002211111111111
10047,0.5845177777777778
10048,0.7175666666666666
10049,0.7881777777777779
10050,0.4850211111111111
10051,0.8461488888888887
10052,0.6442688888888889
10053,0.4177944444444445
10054,0.9085333333333333
10055,0.7969333333333332
10056,0.25318444444444443
10057,0.24890999999999996
10058,0.6121622222222222
10059,0.7438977777777778
10060,0.6133022222222223
10061,0.4362733333333333
10062,0.6428733333333333
10063,0.7814311111111111
10064,0.10015444444444443
10065,0.8381444444444445
10066,0.520911111111111
10067,0.7249911111111111
10068,0.20606111111111106
10069,0.6061466666666665
10070,0.8662755555555556
10071,0.27914111111111106
10072,0.714362222222222
10073,0.31539444444444437
10074,0.45919888888888893
10075,0.31205777777777777
10076,0.7566111111111112
10077,0.7027733333333334
10078,0.9006311111111112
10079,0.801897777777778
10080,0.8282177777777778
10081,0.9452688888888886
10082,0.6181244444444445
10083,0.6272888888888889
10084,0.4334088888888889
10085,0.7196644444444443
10086,0.3344077777777778
10087,0.26665111111111106
10088,0.8787622222222223
10089,0.5808777777777777
10090,0.6550155555555557
10091,0.44978222222222214
10092,0.11009777777777774
10093,0.4322388888888889
10094,0.8962822222222222
10095,0.1391866666666667
10096,0.6047488888888887
10097,0.2218244444444444
10098,0.22209555555555557
10099,0.30864444444444444
10100,0.5212644444444444
10101,0.20642666666666667
10102,0.5234111111111112
10103,0.2519855555555556
10104,0.4979911111111111
10105,0.24069888888888888
10106,0.20681555555555553
10107,0.17627444444444443
10108,0.5570422222222221
10109,0.8108311111111112
10110,0.23589555555555553
10111,0.27011999999999997
10112,0.33437999999999996
10113,0.8089755555555556
10114,0.7566511111111112
10115,0.28302555555555564
10116,0.1389188888888889
10117,0.4777888888888888
10118,0.7476622222222223
10119,0.3748133333333334
10120,0.23897888888888885
10121,0.9014266666666666
10122,0.13517777777777776
10123,0.24081333333333332
10124,0.5543399999999999
10125,0.29216222222222227
10126,0.09755333333333334
10127,0.3685311111111111
10128,0.5525177777777778
10129,0.8665933333333333
10130,0.5649711111111112
10131,0.5867777777777778
10132,0.4557244444444444
10133,0.48008888888888884
10134,0.9247555555555554
10135,0.43614888888888886
10136,0.6806777777777778
10137,0.5743044444444445
10138,0.894691111111111
10139,0.1602388888888889
10140,0.36246888888888895
10141,0.07214777777777778
10142,0.38673555555555555
10143,0.37301
10144,0.36250444444444446
10145,0.8922311111111112
10146,0.9397422222222224
10147,0.5151311111111111
10148,0.5030422222222222
10149,0.46516666666666673
10150,0.22949555555555556
10151,0.2788566666666666
10152,0.12747222222222224
10153,0.5010399999999999
10154,0.3003400000000001
10155,0.5539044444444444
10156,0.31065222222222216
10157,0.2906466666666667
10158,0.5311111111111111
10159,0.22835555555555556
10160,0.8954222222222222
10161,0.6406733333333334
10162,0.18998777777777773
10163,0.46826666666666666
10164,0.5394644444444444
10165,0.6802999999999999
10166,0.9623155555555556
10167,0.08153333333333335
10168,0.44568
10169,0.3812477777777778
10170,0.4475266666666667
10171,0.1822722222222222
10172,0.41670222222222214
10173,0.17137888888888883
10174,0.9253688888888888
10175,0.7710466666666665
10176,0.3479522222222222
10177,0.2218955555555555
10178,0.2038966666666667
10179,0.21422555555555556
10180,0.7166688888888889
10181,0.42753444444444444
10182,0.556131111111111
10183,0.8376600000000002
10184,0.23969222222222222
10185,0.1536922222222222
10186,0.22583222222222224
10187,0.4162011111111112
10188,0.16124333333333332
10189,0.8185244444444444
10190,0.2931833333333333
10191,0.5420044444444446
10192,0.4428622222222221
10193,0.5737366666666667
10194,0.16296666666666665
10195,0.6165477777777777
10196,0.2239011111111111
10197,0.4287822222222221
10198,0.6176533333333334
10199,0.17338555555555557
10200,0.0774711111111111
10201,0.7551644444444445
10202,0.8781755555555555
10203,0.4507733333333334
10204,0.7778111111111109
10205,0.9947822222222226
10206,0.3338344444444445
10207,0.34753999999999996
10208,0.5559444444444445
10209,0.44178444444444454
10210,0.9213488888888888
10211,0.6014355555555556
10212,0.6141866666666667
10213,0.07654222222222222
10214,0.7955088888888889
10215,0.7409688888888889
10216,0.4295422222222222
10217,0.14388333333333334
10218,0.5439533333333333
10219,0.5877733333333333
10220,0.849748888888889
10221,0.8913288888888888
10222,0.22492888888888887
10223,0.46642222222222224
10224,0.5398488888888887
10225,0.8591422222222223
10226,0.26379777777777785
10227,0.44717999999999997
10228,0.27007555555555557
10229,0.33404000000000006
10230,0.8983911111111113
10231,0.13063222222222223
10232,0.09060333333333336
10233,0.35889444444444446
10234,0.46880666666666676
10235,0.3491444444444444
10236,0.24535444444444443
10237,0.17648555555555556
10238,0.7926511111111111
10239,0.24783
10240,0.9203799999999999
10241,0.1891933333333334
10242,0.23376666666666668
10243,0.46460000000000007
10244,0.052074444444444444
10245,0.7195822222222222
10246,0.1946111111111111
10247,0.5960044444444444
10248,0.36129555555555565
10249,0.12546222222222222
10250,0.7858733333333335
10251,0.5310355555555556
10252,0.6417644444444445
10253,0.6175533333333334
10254,0.6524111111111109
10255,0.05477666666666667
10256,0.12420999999999999
10257,0.3133377777777777
10258,0.9781288888888889
10259,0.9091155555555556
10260,0.6082200000000001
10261,0.5188155555555555
10262,0.26114
10263,0.8235044444444443
10264,0.15117888888888892
10265,0.824551111111111
10266,0.2758755555555556
10267,0.6004133333333334
10268,0.27521111111111113
10269,0.4339377777777778
10270,0.9416022222222225
10271,0.904288888888889
10272,0.7924266666666666
10273,0.7977044444444444
10274,0.7652088888888887
10275,0.12887
10276,0.10532777777777776
10277,0.9551977777777775
10278,0.9364866666666667
10279,0.3589733333333334
10280,0.49256888888888883
10281,0.2640644444444445
10282,0.66786
10283,0.9189533333333334
10284,0.7475644444444445
10285,0.3955688888888891
10286,0.08900666666666666
10287,0.6785466666666665
10288,0.8506866666666665
10289,0.21115555555555557
10290,0.04207111111111111
10291,0.4050077777777778
10292,0.2654788888888888
10293,0.1400688888888889
10294,0.7928711111111113
10295,0.9486022222222221
10296,0.7936866666666665
10297,0.3227988888888889
10298,0.2068866666666667
10299,0.15214444444444444
10300,0.25796
10301,0.30946888888888896
10302,0.6893822222222225
10303,0.8563355555555555
10304,0.6736133333333333
10305,0.9456422222222223
10306,0.9052933333333332
10307,0.6827977777777777
10308,0.7128822222222223
10309,0.16524000000000003
10310,0.6862311111111111
10311,0.1586388888888889
10312,0.31041888888888886
10313,0.1788955555555555
10314,0.22204777777777776
10315,0.6697199999999999
10316,0.13300111111111113
10317,0.7230844444444448
10318,0.3426077777777778
10319,0.5177444444444445
10320,0.3203244444444444
10321,0.8163244444444445
10322,0.6601355555555556
10323,0.5690155555555556
10324,0.2547866666666667
10325,0.3512344444444444
10326,0.5238355555555555
10327,0.36767999999999995
10328,0.17745222222222226
10329,0.4641511111111111
10330,0.6429177777777778
10331,0.07474777777777776
10332,0.7041599999999999
10333,0.6794533333333335
10334,0.6946088888888889
10335,0.2553977777777778
10336,0.3278977777777778
10337,0.8451
10338,0.09428222222222221
10339,0.2974966666666667
10340,0.35298222222222225
10341,0.2937222222222222
10342,0.16365222222222223
10343,0.3764333333333334
10344,0.5342777777777777
10345,0.949471111111111
10346,0.28570999999999996
10347,0.24750999999999998
10348,0.5043511111111111
10349,0.5441688888888889
10350,0.2937033333333333
10351,0.8673977777777777
10352,0.8733822222222223
10353,0.48727777777777775
10354,0.6176533333333333
10355,0.9102755555555557
10356,0.3748555555555555
10357,0.4846533333333333
10358,0.8754955555555556
10359,0.48415333333333327
10360,0.27237777777777783
10361,0.9817155555555556
10362,0.8469866666666666
10363,0.10425111111111111
10364,0.16860111111111106
10365,0.18419888888888888
10366,0.17439333333333332
10367,0.6019155555555554
10368,0.6862355555555556
10369,0.6166222222222223
10370,0.9482911111111112
10371,0.6710422222222223
10372,0.418371111111111
10373,0.5427333333333334
10374,0.6800377777777777
10375,0.7804422222222223
10376,0.3237566666666667
10377,0.13727999999999999
10378,0.24070333333333335
10379,0.9381711111111111
10380,0.22765555555555558
10381,0.7909177777777779
10382,0.9375333333333332
10383,0.6079399999999998
10384,0.1860677777777778
10385,0.3934244444444444
10386,0.754231111111111
10387,0.25789888888888896
10388,0.41496
10389,0.15405000000000005
10390,0.6200955555555555
10391,0.7499911111111114
10392,0.3812900000000001
10393,0.6052666666666666
10394,0.4525866666666667
10395,0.5695222222222222
10396,0.1282522222222222
10397,0.27533444444444444
10398,0.3763522222222222
10399,0.7083466666666668
10400,0.7117400000000002
10401,0.7515577777777778
10402,0.14302111111111113
10403,0.7806600000000001
10404,0.49784000000000006
10405,0.440808888888889
10406,0.65622
10407,0.17061111111111107
10408,0.7896199999999999
10409,0.2896288888888889
10410,0.7952244444444445
10411,0.26265
10412,0.772848888888889
10413,0.42925555555555556
10414,0.6201644444444445
10415,0.9239355555555556
10416,0.35404222222222215
10417,0.43448222222222216
10418,0.7265622222222223
10419,0.04155222222222222
10420,0.36830333333333326
10421,0.2290088888888889
10422,0.706871111111111
10423,0.4792488888888889
10424,0.4453711111111111
10425,0.39169111111111116
10426,0.31658000000000003
10427,0.3068266666666667
10428,0.5078922222222221
10429,0.41561333333333333
10430,0.4722733333333333
10431,0.6883022222222225
10432,0.9286955555555555
10433,0.28596111111111105
10434,0.42889333333333335
10435,0.29702222222222224
10436,0.20132111111111115
10437,0.06447222222222222
10438,0.7259777777777777
10439,0.4888977777777779
10440,0.2643988888888889
10441,0.7045355555555558
10442,0.3636022222222222
10443,0.53158
10444,0.4405466666666668
10445,0.7555511111111112
10446,0.6105733333333333
10447,0.68086
10448,0.33580555555555547
10449,0.7385244444444444
10450,0.6538266666666667
10451,0.3637766666666667
10452,0.8436822222222222
10453,0.8207111111111112
10454,0.055433333333333314
10455,0.43775000000000003
10456,0.67654
10457,0.9453000000000001
10458,0.19837555555555553
10459,0.8981333333333333
10460,0.1735955555555556
10461,0.11565777777777779
10462,0.6738555555555554
10463,0.04751888888888889
10464,0.6429288888888888
10465,0.15548222222222222
10466,0.8513755555555557
10467,0.9011644444444444
10468,0.2186544444444444
10469,0.14653222222222226
10470,0.35120999999999997
10471,0.6686244444444446
10472,0.6742177777777778
10473,0.15118111111111107
10474,0.5931177777777777
10475,0.7420244444444445
10476,0.23279000000000002
10477,0.3915333333333333
10478,0.11133222222222224
10479,0.8234644444444443
10480,0.5908066666666667
10481,0.5678844444444445
10482,0.21408111111111108
10483,0.8638022222222221
10484,0.2870688888888889
10485,0.17436888888888888
10486,0.2633
10487,0.22282888888888885
10488,0.675088888888889
10489,0.42604333333333333
10490,0.2054633333333333
10491,0.2601033333333333
10492,0.4002533333333334
10493,0.0967288888888889
10494,0.09629555555555558
10495,0.6112333333333332
10496,0.6068688888888889
10497,0.2904655555555556
10498,0.4994777777777777
10499,0.13181
10500,0.1949022222222222
10501,0.5194466666666667
10502,0.34241000000000005
10503,0.3215344444444444
10504,0.3077277777777777
10505,0.5197288888888889
10506,0.7219977777777778
10507,0.9074844444444444
10508,0.36029222222222224
10509,0.20722555555555547
10510,0.27182999999999996
10511,0.11600444444444442
10512,0.7218888888888891
10513,0.13473333333333337
10514,0.32909555555555553
10515,0.6237133333333333
10516,0.21197555555555567
10517,0.9202222222222224
10518,0.9347466666666665
10519,0.4430422222222223
10520,0.18349444444444443
10521,0.8902555555555556
10522,0.5989155555555556
10523,0.23572444444444443
10524,0.4947555555555556
10525,0.1528844444444444
10526,0.8911822222222224
10527,0.46516
10528,0.7481866666666667
10529,0.1745277777777778
10530,0.3885844444444444
10531,0.39477555555555566
10532,0.41742000000000007
10533,0.5412688888888889
10534,0.7472599999999998
10535,0.8966333333333334
10536,0.38159111111111105
10537,0.24430000000000004
10538,0.13206666666666667
10539,0.2631966666666667
10540,0.6936444444444444
10541,0.23083444444444445
10542,0.32615888888888883
10543,0.7541688888888888
10544,0.12697
10545,0.80836
10546,0.4465111111111109
10547,0.6926866666666668
10548,0.6470555555555556
10549,0.04864999999999999
10550,0.7045133333333333
10551,0.21056777777777777
10552,0.8260622222222221
10553,0.24976
10554,0.5652177777777778
10555,0.40162666666666663
10556,0.3443377777777778
10557,0.9854133333333334
10558,0.14966888888888888
10559,0.5444333333333333
10560,0.9597688888888888
10561,0.09097333333333335
10562,0.03567666666666666
10563,0.4205355555555556
10564,0.8355511111111111
10565,0.39311777777777773
10566,0.7726155555555554
10567,0.9584111111111113
10568,0.15969
10569,0.7028777777777778
10570,0.2000288888888889
10571,0.6614222222222222
10572,0.3832622222222222
10573,0.31527333333333335
10574,0.44852444444444445
10575,0.6929111111111109
10576,0.2110522222222222
10577,0.2629444444444444
10578,0.8983666666666666
10579,0.14851666666666666
10580,0.7798600000000002
10581,0.3694422222222222
10582,0.8555066666666665
10583,0.4268688888888889
10584,0.5055533333333334
10585,0.8882
10586,0.37515777777777776
10587,0.4640311111111111
10588,0.48385555555555554
10589,0.11115000000000003
10590,0.9813
10591,0.4015977777777778
10592,0.15874333333333338
10593,0.43077555555555563
10594,0.9685311111111111
10595,0.7887733333333334
10596,0.07863555555555556
10597,0.2958233333333333
10598,0.12335999999999998
10599,0.2797444444444444
10600,0.9860000000000001
10601,0.41356
10602,0.9638955555555556
10603,0.8968977777777778
10604,0.7897355555555556
10605,0.09911444444444444
10606,0.8699955555555553
10607,0.6516777777777777
10608,0.17395444444444444
10609,0.33987999999999996
10610,0.3619299999999999
10611,0.2903155555555555
10612,0.44992666666666664
10613,0.6608511111111112
10614,0.6730511111111112
10615,0.08596333333333334
10616,0.20117333333333332
10617,0.06924333333333334
10618,0.5428511111111112
10619,0.7834577777777777
10620,0.8213888888888886
10621,0.11706222222222222
10622,0.5395477777777776
10623,0.9329355555555557
10624,0.6932844444444445
10625,0.48654222222222226
10626,0.3541522222222222
10627,0.6060355555555557
10628,0.10940666666666665
10629,0.797311111111111
10630,0.42814000000000013
10631,0.17898
10632,0.4445511111111112
10633,0.5762311111111111
10634,0.8479711111111111
10635,0.039535555555555546
10636,0.2648722222222222
10637,0.4628244444444445
10638,0.1685722222222222
10639,0.5780933333333332
10640,0.3166888888888889
10641,0.6498444444444443
10642,0.19918222222222226
10643,0.3018355555555556
10644,0.7626111111111112
10645,0.44711333333333325
10646,0.6611111111111111
10647,0.7941111111111111
10648,0.3641000000000001
10649,0.24107999999999996
10650,0.3672766666666667
10651,0.31045111111111107
10652,0.5769577777777777
10653,0.9218622222222224
10654,0.6042355555555555
10655,0.46706666666666674
10656,0.9368333333333334
10657,0.4307133333333333
10658,0.7540422222222224
10659,0.8329466666666666
10660,0.7912533333333333
10661,0.5600277777777778
10662,0.4660966666666666
10663,0.524871111111111
10664,0.07072222222222223
10665,0.22882333333333324
10666,0.9242888888888888
10667,0.16012444444444443
10668,0.1934811111111111
10669,0.2624188888888889
10670,0.6370555555555554
10671,0.18926666666666667
10672,0.21754222222222222
10673,0.9664133333333335
10674,0.08303
10675,0.550248888888889
10676,0.2626255555555556
10677,0.9387666666666666
10678,0.3191077777777777
10679,0.8895422222222225
10680,0.12461
10681,0.09227333333333332
10682,0.21067999999999998
10683,0.4965133333333334
10684,0.38277777777777766
10685,0.4861955555555555
10686,0.5358266666666668
10687,0.3862466666666667
10688,0.7292533333333333
10689,0.48433111111111105
10690,0.7837177777777776
10691,0.17252333333333328
10692,0.6086044444444444
10693,0.5330844444444445
10694,0.3606
10695,0.8049377777777779
10696,0.5357488888888887
10697,0.30037222222222226
10698,0.6692333333333332
10699,0.2906711111111111
10700,0.4153422222222222
10701,0.3206055555555556
10702,0.08413666666666668
10703,0.34073333333333333
10704,0.22061222222222218
10705,0.4480044444444444
10706,0.5831422222222222
10707,0.8741866666666667
10708,0.3962188888888889
10709,0.4060022222222222
10710,0.1755455555555556
10711,0.13788333333333333
10712,0.9741533333333333
10713,0.3105977777777778
10714,0.46694444444444433
10715,0.2133911111111111
10716,0.5651577777777779
10717,0.16713222222222224
10718,0.5080022222222221
10719,0.7476888888888888
10720,0.44774222222222226
10721,0.6952177777777777
10722,0.3401099999999999
10723,0.5822400000000001
10724,0.06901444444444445
10725,0.6401977777777776
10726,0.8462955555555555
10727,0.810771111111111
10728,0.955871111111111
10729,0.10349111111111113
10730,0.13385555555555556
10731,0.20224999999999996
10732,0.040864444444444446
10733,0.6266733333333333
10734,0.7605444444444444
10735,0.69116
10736,0.5241755555555555
10737,0.1498722222222222
10738,0.46082888888888895
10739,0.1434266666666667
10740,0.20276666666666673
10741,0.598471111111111
10742,0.3288222222222223
10743,0.5671044444444444
10744,0.29220888888888896
10745,0.39815555555555554
10746,0.9817600000000001
10747,0.6571755555555554
10748,0.22804666666666665
10749,0.3910377777777778
10750,0.40269777777777777
10751,0.9333177777777776
10752,0.7775355555555553
10753,0.3274555555555556
10754,0.6935511111111111
10755,0.2575888888888889
10756,0.3329755555555556
10757,0.39674222222222216
10758,0.5392644444444444
10759,0.6798644444444445
10760,0.6144488888888889
10761,0.675731111111111
10762,0.25549222222222223
10763,0.848691111111111
10764,0.3483177777777779
10765,0.5640444444444445
10766,0.20559333333333332
10767,0.22469444444444445
10768,0.09550999999999998
10769,0.9433733333333333
10770,0.1873922222222222
10771,0.1431722222222222
10772,0.61356
10773,0.9194333333333334
10774,0.9953488888888887
10775,0.759182222222222
10776,0.4044511111111111
10777,0.36131
10778,0.9113533333333331
10779,0.20707222222222219
10780,0.5438755555555556
10781,0.18803333333333336
10782,0.9348466666666667
10783,0.6500022222222223
10784,0.4202577777777778
10785,0.3165111111111111
10786,0.5271977777777778
10787,0.3085511111111111
10788,0.9240511111111109
10789,0.6454266666666666
10790,0.47683999999999993
10791,0.1444511111111111
10792,0.11099444444444447
10793,0.9631133333333333
10794,0.12299888888888888
10795,0.9318755555555557
10796,0.40582
10797,0.4852266666666667
10798,0.26923222222222215
10799,0.1319822222222222
10800,0.12764444444444442
10801,0.8930799999999999
10802,0.18557888888888885
10803,0.12381555555555555
10804,0.3645977777777778
10805,0.6932822222222222
10806,0.5278133333333335
10807,0.7331511111111112
10808,0.5756688888888889
10809,0.7255244444444444
10810,0.909277777777778
10811,0.6162066666666667
10812,0.8964044444444444
10813,0.9479511111111111
10814,0.3284077777777778
10815,0.06995555555555553
10816,0.7182577777777777
10817,0.09708222222222224
10818,0.4855133333333333
10819,0.10282444444444444
10820,0.865091111111111
10821,0.9251933333333332
10822,0.4269555555555556
10823,0.07518555555555556
10824,0.7271177777777776
10825,0.6237555555555555
10826,0.617908888888889
10827,0.8909599999999999
10828,0.26926666666666665
10829,0.37870444444444445
10830,0.14936999999999998
10831,0.7566733333333334
10832,0.4770755555555555
10833,0.26801222222222226
10834,0.45518
10835,0.6564066666666667
10836,0.8739777777777776
10837,0.13625555555555555
10838,0.7232444444444446
10839,0.9636177777777778
10840,0.059130000000000016
10841,0.23644333333333337
10842,0.24131333333333327
10843,0.5081999999999999
10844,0.42202222222222213
10845,0.8392
10846,0.3335644444444444
10847,0.3729277777777778
10848,0.17968555555555557
10849,0.9763933333333329
10850,0.4113855555555555
10851,0.18717999999999999
10852,0.15560666666666667
10853,0.25757555555555556
10854,0.6437666666666667
10855,0.5938688888888888
10856,0.42584
10857,0.7309599999999999
10858,0.45727333333333336
10859,0.9224933333333333
10860,0.3202077777777778
10861,0.63852
10862,0.1650188888888889
10863,0.3495955555555556
10864,0.8514333333333334
10865,0.3765633333333334
10866,0.2784166666666666
10867,0.21218111111111113
10868,0.3172333333333334
10869,0.28992888888888885
10870,0.043204444444444434
10871,0.3068944444444445
10872,0.9729822222222223
10873,0.964628888888889
10874,0.2091488888888889
10875,0.8387644444444443
10876,0.9178266666666667
10877,0.7423377777777777
10878,0.5368055555555555
10879,0.5116266666666668
10880,0.9379355555555554
10881,0.4611244444444444
10882,0.2204433333333333
10883,0.10464333333333332
10884,0.23151999999999995
10885,0.37161777777777777
10886,0.43213555555555555
10887,0.16287333333333334
10888,0.3323688888888889
10889,0.05280333333333334
10890,0.6911911111111113
10891,0.17621222222222221
10892,0.41182555555555567
10893,0.6738022222222222
10894,0.3459588888888889
10895,0.5964555555555555
10896,0.20521777777777775
10897,0.39208
10898,0.5679244444444446
10899,0.38922666666666667
10900,0.24731111111111115
10901,0.4815211111111111
10902,0.38899555555555554
10903,0.5130022222222222
10904,0.3802911111111111
10905,0.8425711111111109
10906,0.17189222222222225
10907,0.8333355555555556
10908,0.34400222222222226
10909,0.42151999999999995
10910,0.1701233333333333
10911,0.8685266666666666
10912,0.05491444444444444
10913,0.17597666666666664
10914,0.5457266666666667
10915,0.2067622222222222
10916,0.2005666666666667
10917,0.7645799999999999
10918,0.36908888888888897
10919,0.30806555555555554
10920,0.3989877777777777
10921,0.36834666666666677
10922,0.5650288888888889
10923,0.8867133333333332
10924,0.41440111111111105
10925,0.22191888888888892
10926,0.3288444444444445
10927,0.9335955555555557
10928,0.47811333333333333
10929,0.5879088888888889
10930,0.308988888888889
10931,0.40460888888888896
10932,0.05194000000000002
10933,0.8247444444444446
10934,0.05990444444444445
10935,0.4116200000000001
10936,0.45563222222222227
10937,0.22034111111111113
10938,0.6013733333333334
10939,0.18605777777777777
10940,0.964071111111111
10941,0.1950555555555555
10942,0.44944999999999996
10943,0.3212644444444444
10944,0.22899333333333338
10945,0.40146
10946,0.912042222222222
10947,0.4878355555555555
10948,0.5604933333333333
10949,0.5666000000000001
10950,0.9669955555555555
10951,0.12851111111111113
10952,0.3337044444444444
10953,0.38353333333333345
10954,0.3250988888888889
10955,0.280691111111111
10956,0.25382
10957,0.3908644444444445
10958,0.6802133333333332
10959,0.3758811111111111
10960,0.5265444444444444
10961,0.6362844444444443
10962,0.6228800000000001
10963,0.5053044444444444
10964,0.21414888888888892
10965,0.8242977777777778
10966,0.48824
10967,0.2985777777777778
10968,0.4357911111111111
10969,0.22565444444444446
10970,0.42238888888888887
10971,0.13620333333333337
10972,0.21017999999999995
10973,0.4017199999999999
10974,0.482861111111111
10975,0.3448988888888889
10976,0.5586888888888888
10977,0.5919022222222222
10978,0.45182666666666665
10979,0.40788222222222226
10980,0.6325222222222222
10981,0.8325400000000002
10982,0.49457111111111124
10983,0.18186222222222223
10984,0.4041711111111111
10985,0.1810211111111111
10986,0.8863355555555555
10987,0.3904733333333334
10988,0.7027444444444443
10989,0.8791266666666665
10990,0.6693333333333333
10991,0.07175555555555556
10992,0.38179111111111114
10993,0.47079555555555563
10994,0.7353155555555557
10995,0.5699066666666667
10996,0.24390444444444448
10997,0.24183222222222223
10998,0.6511622222222221
10999,0.8003444444444444
11000,0.884931111111111
11001,0.9717599999999998
11002,0.81108
11003,0.29449999999999993
11004,0.48747777777777773
11005,0.78018
11006,0.6352644444444445
11007,0.59624
11008,0.5876466666666667
11009,0.71516
11010,0.6703822222222223
11011,0.7864200000000001
11012,0.35968888888888895
11013,0.3688655555555556
11014,0.9063555555555555
11015,0.6031955555555554
11016,0.12264222222222221
11017,0.3908777777777778
11018,0.10518333333333334
11019,0.9386777777777778
11020,0.5724088888888889
11021,0.6053222222222222
11022,0.6705577777777778
11023,0.14633555555555555
11024,0.8141000000000002
11025,0.10247555555555553
11026,0.8711222222222222
11027,0.43006666666666665
11028,0.4834688888888889
11029,0.3961711111111112
11030,0.9934977777777778
11031,0.4712166666666667
11032,0.3154533333333333
11033,0.5633
11034,0.10653111111111113
11035,0.9116244444444445
11036,0.6535266666666667
11037,0.54434
11038,0.6453844444444443
11039,0.7597755555555556
11040,0.9468822222222224
11041,0.8616733333333335
11042,0.7747377777777777
11043,0.5938088888888888
11044,0.07782333333333334
11045,0.9106733333333334
11046,0.8346266666666667
11047,0.34791999999999995
11048,0.10519666666666666
11049,0.7312177777777779
11050,0.5513622222222222
11051,0.10254444444444445
11052,0.17395000000000002
11053,0.13227666666666663
11054,0.32134666666666667
11055,0.18763111111111108
11056,0.2540766666666667
11057,0.8096711111111109
11058,0.8337444444444445
11059,0.5295044444444444
11060,0.27773
11061,0.4264888888888889
11062,0.0757411111111111
11063,0.3186777777777778
11064,0.7590711111111114
11065,0.5433644444444445
11066,0.2897311111111111
11067,0.1721588888888889
11068,0.09446555555555554
11069,0.1850922222222222
11070,0.4947244444444445
11071,0.6531555555555556
11072,0.05764888888888888
11073,0.30558555555555555
11074,0.6250911111111112
11075,0.38454444444444436
11076,0.37253555555555556
11077,0.6801444444444447
11078,0.4682466666666667
11079,0.047792222222222215
11080,0.3357155555555556
11081,0.06817444444444444
11082,0.5787155555555554
11083,0.16153444444444445
11084,0.4179088888888887
11085,0.49711
11086,0.7191
11087,0.8922866666666668
11088,0.34476
11089,0.2848833333333333
11090,0.49981777777777764
11091,0.8482222222222223
11092,0.19862333333333337
11093,0.5743488888888888
11094,0.9608155555555556
11095,0.020673333333333335
11096,0.3581588888888889
11097,0.07964111111111111
11098,0.5900733333333333
11099,0.5681733333333333
11100,0.2192277777777778
11101,0.37124444444444443
11102,0.9250088888888888
11103,0.19356666666666666
11104,0.8430333333333332
11105,0.7014400000000002
11106,0.22376000000000004
11107,0.9081422222222222
11108,0.9339955555555557
11109,0.40738888888888897
11110,0.7232599999999999
11111,0.23093333333333332
11112,0.17173333333333332
11113,0.6411177777777778
11114,0.4362399999999999
11115,0.5832311111111111
11116,0.6873999999999999
11117,0.9107022222222222
11118,0.3693366666666667
11119,0.8375333333333334
11120,0.4396311111111111
11121,0.12228555555555554
11122,0.6516533333333334
11123,0.4687022222222222
11124,0.5196177777777777
11125,0.7258111111111112
11126,0.3691711111111111
11127,0.2590911111111111
11128,0.6499822222222221
11129,0.2066011111111111
11130,0.1376588888888889
11131,0.036667777777777764
11132,0.9505733333333333
11133,0.5285066666666667
11134,0.8747266666666667
11135,0.21642222222222218
11136,0.9776911111111112
11137,0.7064688888888888
11138,0.26306222222222225
11139,0.20252111111111107
11140,0.8866377777777777
11141,0.7921044444444444
11142,0.3580244444444445
11143,0.29798444444444444
11144,0.11206777777777781
11145,0.86628
11146,0.8988622222222221
11147,0.3378555555555556
11148,0.09256777777777776
11149,0.8101333333333334
11150,0.28001111111111116
11151,0.9737466666666665
11152,0.41107000000000005
11153,0.2591277777777778
11154,0.07525555555555556
11155,0.7386288888888887
11156,0.41597777777777784
11157,0.5390933333333335
11158,0.34943888888888885
11159,0.699128888888889
11160,0.7033622222222222
11161,0.7705844444444444
11162,0.48791111111111113
11163,0.15910333333333335
11164,0.17615
11165,0.15562333333333336
11166,0.22872888888888884
11167,0.9915422222222222
11168,0.776668888888889
11169,0.46975333333333325
11170,0.9258955555555555
11171,0.12076333333333333
11172,0.07459222222222224
11173,0.8526577777777778
11174,0.20904444444444445
11175,0.49247777777777785
11176,0.14986777777777774
11177,0.9727044444444445
11178,0.1283911111111111
11179,0.20610333333333328
11180,0.9638911111111111
11181,0.22961333333333336
11182,0.36563555555555566
11183,0.38915111111111117
11184,0.5705711111111113
11185,0.8690555555555557
11186,0.14629111111111107
11187,0.3137377777777777
11188,0.26939444444444455
11189,0.5618755555555556
11190,0.5359933333333334
11191,0.06935444444444444
11192,0.2885666666666667
11193,0.43644666666666665
11194,0.7313088888888887
11195,0.12570777777777775
11196,0.5615222222222224
11197,0.7441644444444443
11198,0.5380111111111111
11199,0.9366844444444443
11200,0.8510377777777777
11201,0.5566622222222222
11202,0.639508888888889
11203,0.12122111111111111
11204,0.09851
11205,0.25937555555555547
11206,0.12715222222222225
11207,0.8002311111111112
11208,0.2730966666666666
11209,0.08339777777777778
11210,0.18037999999999998
11211,0.6790044444444444
11212,0.79266
11213,0.13712333333333335
11214,0.06246222222222222
11215,0.11350444444444448
11216,0.43478888888888895
11217,0.7774244444444444
11218,0.8384466666666669
11219,0.5316788888888889
11220,0.9029866666666666
11221,0.8564977777777778
11222,0.4968066666666668
11223,0.8049933333333333
11224,0.33232666666666666
11225,0.8807888888888891
11226,0.9085711111111111
11227,0.9661044444444445
11228,0.876
11229,0.7993377777777777
11230,0.9725644444444445
11231,0.89264
11232,0.4888488888888889
11233,0.42959777777777775
11234,0.13741222222222224
11235,0.5055422222222221
11236,0.1880677777777778
11237,0.06604666666666666
11238,0.5536333333333334
11239,0.23880888888888882
11240,0.7733600000000002
11241,0.12738444444444444
11242,0.11677111111111114
11243,0.22332444444444446
11244,0.20254000000000003
11245,0.8029866666666665
11246,0.9892777777777776
11247,0.039516666666666665
11248,0.21330111111111108
11249,0.49859333333333344
11250,0.37896555555555556
11251,0.7969311111111113
11252,0.22317555555555554
11253,0.3578333333333333
11254,0.4403011111111111
11255,0.27251777777777775
11256,0.48328
11257,0.21858888888888886
11258,0.5202533333333333
11259,0.36211111111111105
11260,0.13102666666666665
11261,0.3265077777777778
11262,0.24430555555555555
11263,0.8787733333333335
11264,0.44848
11265,0.5776888888888888
11266,0.33805444444444444
11267,0.5248644444444444
11268,0.4171022222222222
11269,0.030794444444444447
11270,0.19726
11271,0.38283555555555565
11272,0.24693111111111113
11273,0.10789888888888888
11274,0.7630955555555553
11275,0.25216444444444447
11276,0.42490666666666677
11277,0.30149
11278,0.5512888888888889
11279,0.6844200000000001
11280,0.44376
11281,0.8832844444444445
11282,0.7177911111111112
11283,0.5292600000000002
11284,0.3702844444444444
11285,0.7749844444444446
11286,0.41361111111111115
11287,0.9225777777777778
11288,0.3478733333333333
11289,0.17362888888888892
11290,0.14394777777777776
11291,0.904877777777778
11292,0.35255444444444456
11293,0.23269555555555557
11294,0.3889733333333334
11295,0.81488
11296,0.32305888888888895
11297,0.25836666666666663
11298,0.38176666666666664
11299,0.966791111111111
11300,0.4247622222222222
11301,0.28035000000000004
11302,0.9484288888888889
11303,0.3420177777777777
11304,0.8252511111111112
11305,0.5592377777777777
11306,0.29759777777777785
11307,0.031152222222222224
11308,0.16194222222222224
11309,0.6832199999999999
11310,0.850668888888889
11311,0.6226111111111111
11312,0.15451444444444443
11313,0.6223711111111111
11314,0.25791
11315,0.08197555555555557
11316,0.6863866666666665
11317,0.19459555555555555
11318,0.3869888888888889
11319,0.2956266666666667
11320,0.3501733333333333
11321,0.4251188888888889
11322,0.7103844444444446
11323,0.06510222222222223
11324,0.4288966666666667
11325,0.09140666666666665
11326,0.08888777777777779
11327,0.39683888888888896
11328,0.3711122222222223
11329,0.5121577777777778
11330,0.7196844444444443
11331,0.3399855555555556
11332,0.51824
11333,0.9790111111111108
11334,0.5192711111111111
11335,0.5421355555555557
11336,0.17637111111111112
11337,0.2550533333333334
11338,0.7240355555555555
11339,0.17148555555555556
11340,0.47103888888888884
11341,0.4054988888888889
11342,0.42964222222222226
11343,0.19644000000000003
11344,0.19533
11345,0.30404777777777775
11346,0.25152888888888886
11347,0.4790955555555556
11348,0.8579222222222223
11349,0.36087555555555556
11350,0.17347888888888885
11351,0.09649777777777775
11352,0.25127777777777777
11353,0.3808333333333333
11354,0.47073333333333345
11355,0.4451888888888888
11356,0.6758266666666667
11357,0.24233333333333337
11358,0.8841533333333332
11359,0.48584666666666676
11360,0.3554788888888889
11361,0.6456866666666667
11362,0.33700222222222226
11363,0.6360077777777778
11364,0.44993333333333335
11365,0.3797811111111111
11366,0.5711400000000001
11367,0.8690155555555555
11368,0.608531111111111
11369,0.4588444444444444
11370,0.3157577777777778
11371,0.9615288888888887
11372,0.41124444444444447
11373,0.2017688888888889
11374,0.765171111111111
11375,0.45175333333333345
11376,0.8835466666666666
11377,0.6305200000000001
11378,0.5774377777777778
11379,0.7847444444444446
11380,0.5136999999999999
11381,0.15120666666666674
11382,0.776668888888889
11383,0.8143333333333335
11384,0.7554733333333333
11385,0.6821955555555558
11386,0.1875744444444444
11387,0.26388666666666666
11388,0.5936577777777777
11389,0.8576799999999999
11390,0.7882355555555556
11391,0.4144444444444444
11392,0.6007711111111111
11393,0.380271111111111
11394,0.5423866666666667
11395,0.7769177777777778
11396,0.7353000000000001
11397,0.4722977777777779
11398,0.9531422222222221
11399,0.9045955555555554
11400,0.6949155555555556
11401,0.478551111111111
11402,0.7091755555555556
11403,0.9833044444444443
11404,0.2435988888888889
11405,0.7847599999999998
11406,0.799548888888889
11407,0.24556444444444445
11408,0.7862777777777779
11409,0.22330666666666668
11410,0.5568466666666667
11411,0.9309866666666665
11412,0.8763377777777777
11413,0.8264533333333334
11414,0.41862666666666654
11415,0.5104333333333333
11416,0.06158333333333335
11417,0.5467866666666666
11418,0.27749555555555555
11419,0.5239266666666667
11420,0.6604711111111111
11421,0.9222222222222222
11422,0.82122
11423,0.6920822222222224
11424,0.30579111111111107
11425,0.0899288888888889
11426,0.8297888888888889
11427,0.5530911111111111
11428,0.48113777777777783
11429,0.12437777777777777
11430,0.26292333333333334
11431,0.6171155555555555
11432,0.4060066666666666
11433,0.15211888888888891
11434,0.3968388888888889
11435,0.5347022222222223
11436,0.5628755555555557
11437,0.5315866666666667
11438,0.8044133333333333
11439,0.2647900000000001
11440,0.06666666666666667
11441,0.12896111111111108
11442,0.376888888888889
11443,0.8328222222222222
11444,0.39364
11445,0.20519111111111107
11446,0.4478088888888889
11447,0.15728111111111115
11448,0.4434466666666667
11449,0.8337355555555557
11450,0.6384888888888888
11451,0.4445444444444444
11452,0.46438444444444454
11453,0.12487777777777775
11454,0.7835711111111111
11455,0.6820222222222222
11456,0.45387000000000005
11457,0.5444388888888888
11458,0.46042000000000005
11459,0.2245533333333333
11460,0.4499511111111112
11461,0.5959688888888889
11462,0.2840088888888889
11463,0.5596111111111112
11464,0.41663333333333324
11465,0.844571111111111
11466,0.14614555555555553
11467,0.7679555555555555
11468,0.03776
11469,0.32919000000000004
11470,0.61146
11471,0.5943444444444445
11472,0.2681933333333334
11473,0.25977888888888884
11474,0.6045933333333334
11475,0.39359555555555564
11476,0.38474888888888886
11477,0.6018533333333332
11478,0.7016799999999997
11479,0.36532444444444456
11480,0.8579288888888889
11481,0.18472222222222223
11482,0.3475377777777777
11483,0.37378666666666654
11484,0.9516755555555556
11485,0.15746888888888888
11486,0.627571111111111
11487,0.23063555555555557
11488,0.4514099999999999
11489,0.0874111111111111
11490,0.4942911111111112
11491,0.3047733333333333
11492,0.35884888888888894
11493,0.325028888888889
11494,0.20223222222222223
11495,0.5420388888888888
11496,0.4006866666666666
11497,0.814591111111111
11498,0.2504766666666666
11499,0.5522577777777778
11500,0.7752688888888889
11501,0.7320733333333335
11502,0.08752666666666668
11503,0.23498333333333332
11504,0.12949777777777782
11505,0.5258066666666666
11506,0.40315111111111107
11507,0.6837266666666665
11508,0.3254066666666667
11509,0.2790466666666666
11510,0.6708066666666666
11511,0.3478933333333332
11512,0.2473733333333333
11513,0.9885422222222223
11514,0.3821822222222222
11515,0.5955333333333335
11516,0.6695711111111109
11517,0.21285777777777773
11518,0.41967333333333334
11519,0.1587811111111111
11520,0.9031466666666669
11521,0.22266444444444444
11522,0.36641555555555555
11523,0.8547111111111113
11524,0.20233999999999996
11525,0.4759466666666667
11526,0.60466
11527,0.9224577777777779
11528,0.45358222222222216
11529,0.7255799999999999
11530,0.7234822222222222
11531,0.30504777777777775
11532,0.31349555555555564
11533,0.4150544444444444
11534,0.9587644444444444
11535,0.07162666666666667
11536,0.16218888888888885
11537,0.4085333333333334
11538,0.4927444444444444
11539,0.09938555555555557
11540,0.7891199999999999
11541,0.6303333333333334
11542,0.7793555555555556
11543,0.795471111111111
11544,0.40686
11545,0.5040755555555556
11546,0.21806555555555554
11547,0.12390444444444444
11548,0.6754533333333334
11549,0.6129577777777779
11550,0.4923133333333333
11551,0.20739000000000005
11552,0.5744644444444446
11553,0.3749788888888889
11554,0.6005822222222221
11555,0.24140777777777778
11556,0.5290666666666667
11557,0.6790777777777778
11558,0.13662666666666665
11559,0.10133888888888888
11560,0.9103577777777779
11561,0.5897511111111111
11562,0.9794155555555556
11563,0.53484
11564,0.16597888888888893
11565,0.596531111111111
11566,0.03267
11567,0.88652
11568,0.5536066666666667
11569,0.23182666666666663
11570,0.1675688888888889
11571,0.7381666666666665
11572,0.4565777777777778
11573,0.08091888888888892
11574,0.4316222222222222
11575,0.9382422222222221
11576,0.12455222222222222
11577,0.8328177777777778
11578,0.6521200000000001
11579,0.12501777777777778
11580,0.08724222222222222
11581,0.2740255555555556
11582,0.29496999999999995
11583,0.8852022222222223
11584,0.42282666666666663
11585,0.49981111111111104
11586,0.5508911111111111
11587,0.28529222222222234
11588,0.15449222222222223
11589,0.9050599999999999
11590,0.033209999999999996
11591,0.4281955555555556
11592,0.15456777777777783
11593,0.3575088888888889
11594,0.29795777777777777
11595,0.35562444444444447
11596,0.8311022222222225
11597,0.14236000000000001
11598,0.69484
11599,0.4573933333333334
11600,0.23818222222222218
11601,0.96464
11602,0.4478866666666667
11603,0.22545888888888888
11604,0.6836777777777777
11605,0.9047488888888889
11606,0.3654311111111111
11607,0.6455733333333332
11608,0.16921555555555554
11609,0.6067266666666667
11610,0.8334400000000001
11611,0.9605155555555557
11612,0.9096733333333334
11613,0.05707555555555555
11614,0.9098511111111112
11615,0.07961777777777777
11616,0.44354333333333323
11617,0.628591111111111
11618,0.49113111111111096
11619,0.13671222222222223
11620,0.8956911111111109
11621,0.4216755555555555
11622,0.6615888888888888
11623,0.7110222222222223
11624,0.9885577777777778
11625,0.33599222222222225
11626,0.9779133333333334
11627,0.40596222222222217
11628,0.5511133333333332
11629,0.13098111111111113
11630,0.15404444444444443
11631,0.5374644444444445
11632,0.6347222222222222
11633,0.528368888888889
11634,0.6974911111111112
11635,0.8146311111111112
11636,0.3430466666666667
11637,0.8192022222222223
11638,0.3440488888888889
11639,0.2659677777777778
11640,0.10182444444444444
11641,0.4170755555555556
11642,0.6392733333333335
11643,0.28324333333333335
11644,0.8589777777777777
11645,0.34772000000000003
11646,0.5959022222222222
11647,0.7909977777777778
11648,0.696351111111111
11649,0.18177333333333334
11650,0.16640777777777777
11651,0.24886222222222218
11652,0.9081977777777778
11653,0.42442222222222226
11654,0.4302400000000001
11655,0.49743555555555546
11656,0.5470355555555556
11657,0.5505533333333333
11658,0.30842444444444445
11659,0.18821999999999994
11660,0.3963044444444444
11661,0.43224444444444443
11662,0.6172288888888888
11663,0.9307088888888888
11664,0.2828677777777777
11665,0.5637355555555555
11666,0.4609222222222222
11667,0.4191466666666667
11668,0.29086111111111107
11669,0.7920555555555557
11670,0.22075777777777775
11671,0.4387466666666667
11672,0.41801777777777777
11673,0.5491222222222222
11674,0.4866822222222222
11675,0.93538
11676,0.08937444444444446
11677,0.32642222222222234
11678,0.5382177777777778
11679,0.5076066666666667
11680,0.2560533333333333
11681,0.21759555555555554
11682,0.7172777777777779
11683,0.15429111111111113
11684,0.2891533333333334
11685,0.6187444444444444
11686,0.1142422222222222
11687,0.9119044444444446
11688,0.42613444444444437
11689,0.4369577777777778
11690,0.10904000000000001
11691,0.3677033333333333
11692,0.5972422222222222
11693,0.11571444444444447
11694,0.43711555555555553
11695,0.35988888888888887
11696,0.5761466666666667
11697,0.1962922222222222
11698,0.1384133333333333
11699,0.06150444444444444
11700,0.24154
11701,0.6466555555555557
11702,0.5384355555555556
11703,0.35639111111111105
11704,0.7852266666666665
11705,0.14316222222222222
11706,0.21070444444444444
11707,0.15326888888888882
11708,0.4317177777777778
11709,0.25368000000000007
11710,0.5220355555555555
11711,0.9357777777777776
11712,0.1428366666666667
11713,0.05944555555555555
11714,0.8389977777777776
11715,0.09759777777777778
11716,0.5172533333333335
11717,0.7801488888888888
11718,0.5693933333333333
11719,0.16320333333333334
11720,0.1440788888888889
11721,0.5044133333333334
11722,0.33719999999999994
11723,0.7132333333333335
11724,0.28190777777777776
11725,0.5083733333333335
11726,0.17349777777777775
11727,0.32610777777777783
11728,0.6252555555555556
11729,0.3892633333333333
11730,0.35105222222222227
11731,0.1335088888888889
11732,0.30295999999999995
11733,0.09509555555555556
11734,0.8824355555555555
11735,0.4746755555555555
11736,0.8128488888888888
11737,0.8719288888888888
11738,0.5316644444444445
11739,0.47539333333333333
11740,0.5992377777777778
11741,0.7036488888888889
11742,0.9803733333333334
11743,0.5862022222222222
11744,0.6040488888888891
11745,0.5409866666666666
11746,0.61768
11747,0.8787755555555554
11748,0.8977688888888888
11749,0.46847333333333346
11750,0.5723622222222223
11751,0.026551111111111105
11752,0.8970644444444446
11753,0.7155333333333332
11754,0.5636088888888889
11755,0.28102555555555564
11756,0.7528177777777779
11757,0.4742
11758,0.09098666666666666
11759,0.6199333333333333
11760,0.03746
11761,0.22455555555555554
11762,0.15200888888888892
11763,0.15668666666666667
11764,0.22377333333333335
11765,0.42331555555555545
11766,0.2695666666666667
11767,0.7778088888888887
11768,0.16253555555555557
11769,0.8907866666666667
11770,0.12700666666666666
11771,0.8742999999999999
11772,0.20545777777777777
11773,0.7797866666666667
11774,0.5305666666666667
11775,0.8270733333333334
11776,0.25880000000000003
11777,0.37456
11778,0.06281555555555556
11779,0.38154666666666665
11780,0.9306066666666665
11781,0.26460555555555554
11782,0.7155933333333332
11783,0.7597555555555555
11784,0.11273888888888887
11785,0.9359733333333334
11786,0.2542088888888889
11787,0.40634
11788,0.19342555555555552
11789,0.9521088888888887
11790,0.4884155555555556
11791,0.27931
11792,0.20244333333333334
11793,0.09943666666666669
11794,0.6189222222222223
11795,0.6706555555555557
11796,0.40068444444444445
11797,0.03672888888888889
11798,0.4385711111111112
11799,0.7659733333333333
11800,0.47082444444444443
11801,0.9482799999999999
11802,0.21373444444444442
11803,0.37131333333333333
11804,0.8251622222222221
11805,0.15156333333333333
11806,0.4283322222222223
11807,0.7768022222222223
11808,0.45885333333333334
11809,0.6798022222222224
11810,0.44712444444444444
11811,0.6721199999999999
11812,0.5878755555555555
11813,0.6205044444444443
11814,0.9810644444444443
11815,0.20785444444444448
11816,0.7987955555555556
11817,0.7983844444444445
11818,0.42947
11819,0.12646222222222223
11820,0.587208888888889
11821,0.3658622222222223
11822,0.7773444444444445
11823,0.776908888888889
11824,0.5456733333333332
11825,0.6979355555555554
11826,0.4782622222222222
11827,0.2011588888888889
11828,0.5153355555555555
11829,0.14563
11830,0.6978177777777775
11831,0.8791799999999999
11832,0.18369555555555558
11833,0.9050622222222223
11834,0.3885955555555555
11835,0.2976311111111111
11836,0.22352333333333332
11837,0.6871511111111109
11838,0.3913177777777777
11839,0.34030222222222223
11840,0.5313266666666667
11841,0.39322888888888885
11842,0.5764444444444444
11843,0.33738222222222225
11844,0.2548011111111111
11845,0.34629666666666664
11846,0.2982577777777778
11847,0.3160655555555556
11848,0.6580199999999999
11849,0.2168777777777778
11850,0.4259355555555555
11851,0.7891333333333334
11852,0.2068277777777778
11853,0.40330666666666665
11854,0.41236222222222213
11855,0.9294866666666666
11856,0.50054
11857,0.13792444444444443
11858,0.34835333333333335
11859,0.4218066666666666
11860,0.8883111111111112
11861,0.17577777777777773
11862,0.3812277777777777
11863,0.8234777777777778
11864,0.6768444444444445
11865,0.5940688888888889
11866,0.3869355555555556
11867,0.4070733333333334
11868,0.6370222222222223
11869,0.69742
11870,0.5165777777777779
11871,0.11089222222222224
11872,0.6552355555555556
11873,0.7976422222222221
11874,0.8709244444444444
11875,0.41189888888888887
11876,0.24900444444444447
11877,0.35535777777777783
11878,0.927688888888889
11879,0.3473833333333334
11880,0.9554533333333333
11881,0.29683
11882,0.12027222222222222
11883,0.6685155555555556
11884,0.79162
11885,0.8063244444444445
11886,0.6090377777777777
11887,0.14655444444444446
11888,0.5708333333333333
11889,0.7002288888888889
11890,0.2566477777777778
11891,0.8594022222222222
11892,0.38044000000000006
11893,0.7364422222222222
11894,0.9352511111111111
11895,0.05399111111111112
11896,0.03884444444444443
11897,0.39318888888888887
11898,0.8670333333333331
11899,0.5302111111111111
11900,0.6288755555555555
11901,0.1854522222222222
11902,0.4556555555555555
11903,0.3909211111111111
11904,0.22609333333333334
11905,0.8971488888888888
11906,0.4076711111111111
11907,0.45212666666666673
11908,0.4007377777777778
11909,0.18869111111111112
11910,0.5085955555555556
11911,0.12045000000000002
11912,0.47195777777777775
11913,0.24715555555555557
11914,0.66628
11915,0.3736877777777778
11916,0.9467444444444446
11917,0.6478022222222222
11918,0.4418933333333333
11919,0.9746111111111109
11920,0.5367577777777778
11921,0.16702666666666666
11922,0.4753933333333334
11923,0.15327666666666664
11924,0.13374111111111112
11925,0.921171111111111
11926,0.501951111111111
11927,0.637871111111111
11928,0.3740222222222223
11929,0.8232666666666667
11930,0.8978777777777779
11931,0.29333222222222227
11932,0.7515177777777778
11933,0.26431333333333334
11934,0.4323444444444444
11935,0.8493555555555555
11936,0.11190444444444447
11937,0.2856833333333333
11938,0.3719711111111112
11939,0.2221133333333333
11940,0.4678488888888888
11941,0.4897955555555556
11942,0.9163066666666667
11943,0.15946000000000002
11944,0.46814000000000006
11945,0.3595155555555556
11946,0.4434511111111112
11947,0.47265333333333337
11948,0.2810577777777778
11949,0.36261999999999994
11950,0.5572066666666666
11951,0.41095
11952,0.8025311111111111
11953,0.5910133333333333
11954,0.4352844444444444
11955,0.21935000000000002
11956,0.2091644444444444
11957,0.12089444444444446
11958,0.12211555555555553
11959,0.39559333333333324
11960,0.9411355555555554
11961,0.8194222222222223
11962,0.28771777777777774
11963,0.6596866666666664
11964,0.5813688888888887
11965,0.5986311111111112
11966,0.44618
11967,0.28616222222222226
11968,0.08493888888888888
11969,0.8883111111111109
11970,0.7691644444444444
11971,0.603388888888889
11972,0.9225355555555556
11973,0.6497822222222221
11974,0.5922577777777779
11975,0.2678522222222222
11976,0.83896
11977,0.35123444444444446
11978,0.5840333333333333
11979,0.5501466666666667
11980,0.620591111111111
11981,0.3956666666666666
11982,0.7200266666666666
11983,0.22563111111111112
11984,0.18809
11985,0.46934111111111115
11986,0.07090222222222221
11987,0.2567588888888889
11988,0.5217622222222221
11989,0.15879555555555558
11990,0.1238433333333333
11991,0.10352888888888889
11992,0.14355888888888887
11993,0.7712377777777779
11994,0.9280644444444445
11995,0.7872599999999998
11996,0.36924888888888896
11997,0.6476644444444445
11998,0.3796044444444444
11999,0.8898488888888889
12000,0.21540111111111113
12001,0.7630755555555556
12002,0.8533866666666668
12003,0.979957777777778
12004,0.16740444444444447
12005,0.5556
12006,0.10077888888888888
12007,0.08956000000000003
12008,0.23465888888888886
12009,0.46033999999999997
12010,0.5256111111111111
12011,0.3108077777777778
12012,0.3745511111111111
12013,0.4667755555555555
12014,0.43563999999999997
12015,0.18748777777777778
12016,0.49652222222222225
12017,0.3236622222222223
12018,0.16703777777777776
12019,0.41100444444444445
12020,0.20401333333333327
12021,0.2057244444444444
12022,0.29549111111111115
12023,0.8680111111111111
12024,0.40440000000000004
12025,0.4810288888888888
12026,0.7469866666666668
12027,0.08204111111111112
12028,0.6388222222222223
12029,0.4348422222222223
12030,0.9319355555555555
12031,0.7484711111111112
12032,0.6830755555555555
12033,0.7426044444444445
12034,0.3091755555555556
12035,0.2587088888888889
12036,0.5892022222222223
12037,0.7538533333333334
12038,0.2589333333333334
12039,0.7942311111111109
12040,0.4066244444444444
12041,0.7578555555555556
12042,0.21151333333333336
12043,0.5798088888888889
12044,0.16291888888888892
12045,0.35361555555555557
12046,0.5025155555555555
12047,0.37373555555555554
12048,0.08664888888888889
12049,0.3333055555555556
12050,0.4400933333333333
12051,0.5423955555555556
12052,0.261061111111111
12053,0.752548888888889
12054,0.3745533333333333
12055,0.4795266666666667
12056,0.2873899999999999
12057,0.3212622222222223
12058,0.2645244444444444
12059,0.9658444444444445
12060,0.8912866666666668
12061,0.19611555555555557
12062,0.24815
12063,0.26150777777777773
12064,0.6070044444444443
12065,0.7604466666666667
12066,0.10930555555555556
12067,0.06712111111111112
12068,0.43519777777777796
12069,0.44419000000000003
12070,0.6109066666666666
12071,0.27681222222222224
12072,0.05392666666666668
12073,0.6692088888888889
12074,0.16212777777777776
12075,0.7476155555555555
12076,0.6912733333333333
12077,0.8507755555555555
12078,0.8746022222222223
12079,0.9060377777777778
12080,0.9719022222222223
12081,0.05073333333333333
12082,0.23122444444444443
12083,0.6276022222222222
12084,0.48910888888888887
12085,0.320408888888889
12086,0.6515355555555554
12087,0.7773844444444443
12088,0.46313000000000004
12089,0.21070444444444444
12090,0.7643222222222222
12091,0.7541533333333333
12092,0.7888222222222221
12093,0.6746688888888889
12094,0.5624022222222221
12095,0.17591333333333337
12096,0.17713333333333334
12097,0.7463933333333334
12098,0.2201822222222222
12099,0.19077111111111109
12100,0.24252222222222222
12101,0.6249488888888889
12102,0.36769
12103,0.37003222222222226
12104,0.4431688888888889
12105,0.3024722222222222
12106,0.6654088888888889
12107,0.11856444444444443
12108,0.252571111111111
12109,0.9339666666666667
12110,0.21128
12111,0.2556955555555555
12112,0.26513000000000003
12113,0.812988888888889
12114,0.6129311111111111
12115,0.23946222222222216
12116,0.30458222222222225
12117,0.03056333333333333
12118,0.47530888888888895
12119,0.5071111111111111
12120,0.5028711111111112
12121,0.2659911111111111
12122,0.9732688888888887
12123,0.2911644444444445
12124,0.6093622222222222
12125,0.655731111111111
12126,0.7594088888888888
12127,0.7230022222222221
12128,0.18986555555555554
12129,0.2524055555555556
12130,0.12447000000000001
12131,0.20544777777777776
12132,0.5310622222222222
12133,0.7536600000000001
12134,0.2352155555555556
12135,0.6353755555555556
12136,0.7158555555555557
12137,0.7497688888888888
12138,0.5926422222222222
12139,0.4100333333333333
12140,0.930788888888889
12141,0.3036277777777778
12142,0.8824800000000002
12143,0.8674755555555556
12144,0.26099888888888884
12145,0.6976066666666668
12146,0.41364777777777784
12147,0.30869222222222226
12148,0.7252711111111111
12149,0.9347288888888889
12150,0.7787799999999999
12151,0.2043788888888889
12152,0.2471055555555555
12153,0.49619777777777774
12154,0.7545755555555557
12155,0.16236555555555557
12156,0.7271733333333334
12157,0.5299711111111111
12158,0.3683477777777779
12159,0.3663577777777777
12160,0.4210022222222222
12161,0.6894755555555557
12162,0.4564933333333334
12163,0.35407111111111106
12164,0.3645544444444444
12165,0.22619111111111112
12166,0.39222
12167,0.5648822222222223
12168,0.5655355555555555
12169,0.2547822222222222
12170,0.12748555555555557
12171,0.06580777777777778
12172,0.46363444444444446
12173,0.9089422222222222
12174,0.21467777777777775
12175,0.11524222222222223
12176,0.4845766666666666
12177,0.6058311111111111
12178,0.38892111111111105
12179,0.1886511111111111
12180,0.7733333333333333
12181,0.6571711111111113
12182,0.7457111111111111
12183,0.9310199999999998
12184,0.7645
12185,0.9239044444444445
12186,0.7679022222222223
12187,0.3953777777777778
12188,0.6405
12189,0.48703
12190,0.6447577777777779
12191,0.1738611111111111
12192,0.9097777777777777
12193,0.28756
12194,0.3491633333333333
12195,0.9211133333333331
12196,0.837071111111111
12197,0.16550666666666666
12198,0.754851111111111
12199,0.928562222222222
12200,0.18557555555555558
12201,0.8588777777777779
12202,0.3656066666666667
12203,0.7343733333333332
12204,0.6350511111111111
12205,0.5696200000000001
12206,0.8526511111111111
12207,0.8877577777777778
12208,0.31434555555555554
12209,0.40293444444444454
12210,0.2229622222222222
12211,0.1230688888888889
12212,0.09009777777777778
12213,0.5604133333333333
12214,0.18912111111111116
12215,0.510001111111111
12216,0.48868000000000017
12217,0.9019711111111111
12218,0.6134844444444444
12219,0.34714666666666666
12220,0.6957444444444447
12221,0.49491111111111125
12222,0.879988888888889
12223,0.15622333333333335
12224,0.33550888888888886
12225,0.15831333333333333
12226,0.8850177777777778
12227,0.4253355555555555
12228,0.6799466666666666
12229,0.4927288888888888
12230,0.5465022222222223
12231,0.7161822222222223
12232,0.803428888888889
12233,0.3890477777777777
12234,0.40101111111111104
12235,0.8296288888888891
12236,0.2590555555555556
12237,0.5666266666666667
12238,0.5829422222222224
12239,0.3609844444444444
12240,0.28044888888888886
12241,0.42688444444444446
12242,0.1924866666666667
12243,0.23864666666666667
12244,0.3877899999999999
12245,0.9854466666666667
12246,0.37202
12247,0.4352744444444445
12248,0.7304244444444444
12249,0.5586133333333333
12250,0.9384399999999999
12251,0.9490733333333332
12252,0.3206266666666668
12253,0.27848999999999996
12254,0.6673355555555557
12255,0.7828377777777779
12256,0.16087222222222222
12257,0.7265266666666669
12258,0.8058622222222219
12259,0.07968666666666668
12260,0.8827711111111111
12261,0.6922688888888892
12262,0.5311333333333333
12263,0.24551888888888893
12264,0.8662599999999999
12265,0.4209077777777777
12266,0.18483333333333332
12267,0.15196666666666667
12268,0.39451555555555556
12269,0.7456355555555557
12270,0.34626
12271,0.65456
12272,0.7920266666666668
12273,0.37352222222222214
12274,0.2550666666666667
12275,0.60082
12276,0.7438088888888889
12277,0.860828888888889
12278,0.14655888888888888
12279,0.3632222222222223
12280,0.6370088888888888
12281,0.17708333333333334
12282,0.16947222222222225
12283,0.6663844444444443
12284,0.4546755555555555
12285,0.7763288888888891
12286,0.10373222222222223
12287,0.5145011111111112
12288,0.314
12289,0.5512288888888889
12290,0.6927977777777778
12291,0.5205666666666666
12292,0.8199088888888889
12293,0.5868466666666667
12294,0.6198355555555555
12295,0.3509944444444444
12296,0.42359555555555567
12297,0.5696044444444445
12298,0.7849777777777779
12299,0.55344
12300,0.3725811111111111
12301,0.7715977777777777
12302,0.4856522222222223
12303,0.4461577777777778
12304,0.14108222222222222
12305,0.5708244444444445
12306,0.9511577777777775
12307,0.09102555555555554
12308,0.5624266666666667
12309,0.4387288888888889
12310,0.1914033333333333
12311,0.4529433333333333
12312,0.5166822222222223
12313,0.31592888888888887
12314,0.6712822222222222
12315,0.3567633333333333
12316,0.9046799999999996
12317,0.44041888888888897
12318,0.4870477777777779
12319,0.5707022222222222
12320,0.7280044444444446
12321,0.7537022222222222
12322,0.12869111111111112
12323,0.11757666666666662
12324,0.47391111111111117
12325,0.5943288888888888
12326,0.33133666666666667
12327,0.1140188888888889
12328,0.49676222222222216
12329,0.4286088888888889
12330,0.3094333333333333
12331,0.5715111111111111
12332,0.46916888888888897
12333,0.5386155555555554
12334,0.09837555555555556
12335,0.5818488888888889
12336,0.5163911111111111
12337,0.24343777777777773
12338,0.44939999999999997
12339,0.3353022222222221
12340,0.7151866666666667
12341,0.6138933333333333
12342,0.35738000000000003
12343,0.037156666666666664
12344,0.60796
12345,0.6982266666666667
12346,0.8194688888888891
12347,0.24374555555555552
12348,0.9884088888888889
12349,0.9350266666666668
12350,0.2539577777777778
12351,0.5124533333333333
12352,0.42860666666666664
12353,0.19080555555555548
12354,0.15871222222222223
12355,0.6326266666666666
12356,0.7781177777777777
12357,0.7474622222222221
12358,0.5032899999999999
12359,0.22836888888888893
12360,0.4747666666666666
12361,0.7789666666666668
12362,0.4535288888888888
12363,0.7108844444444444
12364,0.726031111111111
12365,0.3742988888888889
12366,0.8886244444444443
12367,0.6798044444444445
12368,0.3098555555555555
12369,0.28363444444444447
12370,0.9281333333333334
12371,0.22324222222222223
12372,0.68734
12373,0.8163666666666666
12374,0.44008444444444444
12375,0.5159933333333334
12376,0.9395333333333333
12377,0.9471422222222223
12378,0.7258644444444444
12379,0.22391777777777777
12380,0.1399177777777778
12381,0.38308666666666663
12382,0.46608
12383,0.3580333333333334
12384,0.40499777777777785
12385,0.3799644444444444
12386,0.1537333333333333
12387,0.07448666666666667
12388,0.5221022222222221
12389,0.8315666666666667
12390,0.778391111111111
12391,0.5566288888888888
12392,0.10076555555555555
12393,0.32719666666666664
12394,0.7961066666666667
12395,0.6705422222222222
12396,0.5617311111111111
12397,0.6030977777777778
12398,0.3201211111111111
12399,0.5582355555555555
12400,0.33649555555555555
12401,0.5542333333333334
12402,0.20419333333333334
12403,0.7117222222222223
12404,0.5956066666666667
12405,0.3082666666666667
12406,0.5962044444444445
12407,0.42083555555555563
12408,0.9257200000000001
12409,0.5793088888888888
12410,0.48164888888888885
12411,0.4490922222222224
12412,0.35840000000000005
12413,0.8188466666666666
12414,0.5166733333333334
12415,0.5098288888888889
12416,0.2066488888888888
12417,0.7856999999999998
12418,0.19550555555555557
12419,0.2540433333333334
12420,0.2305966666666667
12421,0.5524266666666667
12422,0.8739711111111111
12423,0.7058866666666667
12424,0.30700888888888894
12425,0.7743333333333332
12426,0.30831555555555556
12427,0.8141488888888889
12428,0.21159999999999998
12429,0.9204022222222222
12430,0.3643688888888888
12431,0.4378088888888889
12432,0.66792
12433,0.2208166666666667
12434,0.9163888888888887
12435,0.6534355555555554
12436,0.16568111111111114
12437,0.19705555555555557
12438,0.7659911111111111
12439,0.9379000000000001
12440,0.9000177777777777
12441,0.41306666666666664
12442,0.19602777777777777
12443,0.5562388888888888
12444,0.7638711111111111
12445,0.13095888888888887
12446,0.44801777777777785
12447,0.7604733333333336
12448,0.6707666666666667
12449,0.8262266666666666
12450,0.20504222222222215
12451,0.8925555555555555
12452,0.37038222222222217
12453,0.1681188888888889
12454,0.6533244444444445
12455,0.33392222222222223
12456,0.3173255555555556
12457,0.3601977777777778
12458,0.46194666666666656
12459,0.37047111111111114
12460,0.7815377777777779
12461,0.6591022222222223
12462,0.19605333333333333
12463,0.49089888888888883
12464,0.5772266666666667
12465,0.36491222222222214
12466,0.6011222222222222
12467,0.6144822222222222
12468,0.46900222222222215
12469,0.646631111111111
12470,0.36471333333333344
12471,0.936108888888889
12472,0.5037777777777778
12473,0.7353711111111112
12474,0.37402444444444444
12475,0.19862666666666665
12476,0.31250222222222224
12477,0.10963666666666666
12478,0.9300533333333334
12479,0.5336133333333333
12480,0.17800000000000002
12481,0.47205666666666674
12482,0.8640555555555555
12483,0.2532588888888889
12484,0.8829244444444445
12485,0.1966388888888889
12486,0.825668888888889
12487,0.1375011111111111
12488,0.5351311111111111
12489,0.28862222222222217
12490,0.3855377777777777
12491,0.3969444444444445
12492,0.8587977777777777
12493,0.23411444444444443
12494,0.18394333333333335
12495,0.3304977777777778
12496,0.5740844444444444
12497,0.14384
12498,0.9704088888888892
12499,0.19257333333333335
12500,0.5495577777777779
12501,0.05233444444444444
12502,0.7381955555555558
12503,0.1381933333333333
12504,0.5355377777777778
12505,0.3912822222222223
12506,0.4654066666666665
12507,0.6311466666666666
12508,0.7142111111111111
12509,0.30387222222222215
12510,0.12430111111111108
12511,0.6395355555555556
12512,0.2679755555555555
12513,0.9230177777777779
12514,0.4091666666666667
12515,0.16713888888888886
12516,0.5501866666666667
12517,0.2702655555555555
12518,0.5163799999999998
12519,0.4059077777777778
12520,0.27745333333333333
12521,0.6221644444444445
12522,0.9388288888888887
12523,0.3877233333333332
12524,0.45436666666666664
12525,0.7933644444444446
12526,0.6101644444444444
12527,0.6151933333333334
12528,0.28495000000000004
12529,0.7658377777777777
12530,0.8035577777777778
12531,0.6580844444444445
12532,0.6971888888888889
12533,0.8346266666666665
12534,0.7588911111111112
12535,0.39851777777777775
12536,0.7052933333333332
12537,0.9624755555555556
12538,0.8581600000000001
12539,0.48771999999999993
12540,0.76634
12541,0.7427355555555556
12542,0.08717444444444444
12543,0.41752555555555554
12544,0.38715777777777777
12545,0.9430733333333334
12546,0.43683111111111117
12547,0.29237777777777774
12548,0.4320244444444445
12549,0.25149
12550,0.9462155555555555
12551,0.5646533333333333
12552,0.4479155555555556
12553,0.5905666666666667
12554,0.23872666666666673
12555,0.13326444444444444
12556,0.4654822222222222
12557,0.5261711111111111
12558,0.3973977777777778
12559,0.10170333333333335
12560,0.18074888888888888
12561,0.5711777777777779
12562,0.18337111111111107
12563,0.2859244444444444
12564,0.26361333333333326
12565,0.3864533333333333
12566,0.5706466666666667
12567,0.23245555555555555
12568,0.8109022222222223
12569,0.27330111111111116
12570,0.6590555555555556
12571,0.5802111111111111
12572,0.48691111111111113
12573,0.23086666666666666
12574,0.20854444444444442
12575,0.20094444444444445
12576,0.13524
12577,0.5237022222222222
12578,0.44446
12579,0.8083155555555553
12580,0.2608266666666667
12581,0.71482
12582,0.29025111111111107
12583,0.1750911111111111
12584,0.1003288888888889
12585,0.4990044444444444
12586,0.8297844444444443
12587,0.7563644444444444
12588,0.32048777777777776
12589,0.3876044444444444
12590,0.6471755555555555
12591,0.5465822222222222
12592,0.5004266666666667
12593,0.846526666666667
12594,0.881408888888889
12595,0.5799555555555554
12596,0.1994566666666667
12597,0.4845111111111111
12598,0.8781511111111112
12599,0.42145999999999995
12600,0.35305888888888887
12601,0.3229066666666666
12602,0.24710111111111108
12603,0.4833177777777778
12604,0.10630111111111111
12605,0.39999555555555544
12606,0.618551111111111
12607,0.5922644444444445
12608,0.26479
12609,0.7653866666666668
12610,0.3507855555555555
12611,0.43872333333333335
12612,0.32771111111111106
12613,0.2561733333333333
12614,0.4753866666666666
12615,0.13250222222222216
12616,0.505151111111111
12617,0.6936866666666667
12618,0.33531555555555553
12619,0.3202911111111111
12620,0.6456622222222221
12621,0.7485933333333333
12622,0.3528933333333333
12623,0.5577511111111111
12624,0.553488888888889
12625,0.5684311111111112
12626,0.21853333333333336
12627,0.19157999999999997
12628,0.4551
12629,0.7114022222222222
12630,0.06005555555555556
12631,0.10157888888888893
12632,0.32173999999999997
12633,0.27899999999999997
12634,0.746582222222222
12635,0.8078955555555555
12636,0.44532888888888883
12637,0.28165333333333337
12638,0.27282222222222224
12639,0.05964444444444445
12640,0.9003466666666667
12641,0.7287222222222223
12642,0.3200444444444445
12643,0.6461022222222222
12644,0.36757111111111107
12645,0.7035977777777779
12646,0.8692977777777778
12647,0.30182444444444445
12648,0.21625000000000005
12649,0.9901377777777777
12650,0.38549555555555565
12651,0.7919644444444444
12652,0.48565444444444444
12653,0.5468733333333332
12654,0.32339444444444443
12655,0.14288222222222224
12656,0.6826355555555556
12657,0.7648088888888888
12658,0.6291022222222221
12659,0.4336622222222222
12660,0.6578666666666667
12661,0.16405888888888892
12662,0.9226444444444445
12663,0.5500777777777778
12664,0.4089833333333334
12665,0.26158111111111115
12666,0.11855222222222223
12667,0.6755266666666667
12668,0.899231111111111
12669,0.9148044444444445
12670,0.95784
12671,0.6161888888888889
12672,0.20593777777777778
12673,0.24338666666666672
12674,0.35963111111111107
12675,0.8682066666666667
12676,0.4906211111111112
12677,0.2404111111111111
12678,0.12529555555555558
12679,0.7852177777777776
12680,0.23739333333333335
12681,0.6220444444444446
12682,0.15079555555555554
12683,0.8596466666666668
12684,0.5442666666666667
12685,0.03755
12686,0.6362466666666666
12687,0.6811422222222222
12688,0.3873866666666667
12689,0.12748888888888885
12690,0.4385988888888888
12691,0.16228444444444448
12692,0.6127955555555555
12693,0.3462100000000001
12694,0.4026044444444444
12695,0.32626000000000005
12696,0.9087066666666667
12697,0.7290244444444446
12698,0.16677111111111106
12699,0.8604911111111111
12700,0.9668311111111111
12701,0.34660111111111114
12702,0.9446355555555557
12703,0.5171766666666667
12704,0.08429333333333333
12705,0.6339933333333333
12706,0.22785111111111114
12707,0.1532644444444445
12708,0.24840444444444443
12709,0.8059244444444446
12710,0.46216000000000007
12711,0.5112355555555556
12712,0.2774455555555555
12713,0.7046844444444446
12714,0.7968422222222222
12715,0.16053444444444442
12716,0.6062888888888889
12717,0.2791822222222222
12718,0.8835866666666666
12719,0.8485422222222222
12720,0.23132777777777777
12721,0.28332333333333337
12722,0.3462522222222222
12723,0.534768888888889
12724,0.26887000000000005
12725,0.6177977777777778
12726,0.43859111111111115
12727,0.6192155555555555
12728,0.24752777777777782
12729,0.3774555555555555
12730,0.5472711111111113
12731,0.9548355555555555
12732,0.5565844444444443
12733,0.8563333333333333
12734,0.11270999999999998
12735,0.44158666666666674
12736,0.4198199999999999
12737,0.8948400000000002
12738,0.24660333333333329
12739,0.892331111111111
12740,0.2740066666666667
12741,0.1298055555555556
12742,0.16188000000000002
12743,0.2740133333333334
12744,0.8928755555555558
12745,0.5006866666666666
12746,0.2104166666666666
12747,0.21327333333333334
12748,0.7223666666666665
12749,0.5672933333333333
12750,0.8138977777777777
12751,0.16278111111111113
12752,0.4017977777777779
12753,0.6136888888888891
12754,0.9475111111111111
12755,0.4829144444444444
12756,0.2620155555555556
12757,0.7473155555555556
12758,0.2072788888888889
12759,0.6735755555555557
12760,0.58194
12761,0.30501666666666666
12762,0.6156800000000001
12763,0.863551111111111
12764,0.29408111111111107
12765,0.6048644444444445
12766,0.24320444444444433
12767,0.41202333333333324
12768,0.9041399999999999
12769,0.8767888888888887
12770,0.48075333333333337
12771,0.24098666666666665
12772,0.6091577777777777
12773,0.9188266666666666
12774,0.05425444444444442
12775,0.23567999999999997
12776,0.6798911111111111
12777,0.6054111111111112
12778,0.8833000000000001
12779,0.7581022222222221
12780,0.3891977777777778
12781,0.5086544444444444
12782,0.79162
12783,0.1664188888888889
12784,0.8934533333333334
12785,0.35227111111111115
12786,0.42977333333333334
12787,0.14748888888888884
12788,0.6782422222222221
12789,0.24938000000000002
12790,0.40905777777777774
12791,0.46959777777777784
12792,0.38969111111111115
12793,0.6379422222222223
12794,0.8615399999999998
12795,0.9378555555555557
12796,0.57218
12797,0.6022377777777779
12798,0.6648666666666668
12799,0.4093711111111111
12800,0.23454222222222224
12801,0.25895555555555555
12802,0.9408844444444443
12803,0.65564
12804,0.3314655555555555
12805,0.39578222222222226
12806,0.8559666666666667
12807,0.4274711111111112
12808,0.21937222222222222
12809,0.4695599999999999
12810,0.3266888888888889
12811,0.6026244444444445
12812,0.38901444444444433
12813,0.2872711111111111
12814,0.4447644444444445
12815,0.8974333333333334
12816,0.07759888888888893
12817,0.04949444444444443
12818,0.2745255555555555
12819,0.4914711111111112
12820,0.9344533333333334
12821,0.0907888888888889
12822,0.27426666666666666
12823,0.5540577777777776
12824,0.45938888888888885
12825,0.38513888888888886
12826,0.902188888888889
12827,0.7598755555555555
12828,0.4066233333333334
12829,0.36592666666666673
12830,0.6686422222222225
12831,0.4591266666666666
12832,0.8069577777777776
12833,0.9336222222222222
12834,0.45481333333333335
12835,0.30343222222222227
12836,0.4542933333333334
12837,0.30756888888888884
12838,0.5782288888888888
12839,0.7911844444444442
12840,0.8157244444444444
12841,0.7222777777777779
12842,0.27909
12843,0.14247888888888888
12844,0.27705
12845,0.6511466666666667
12846,0.9134644444444445
12847,0.9503311111111111
12848,0.18845111111111112
12849,0.9441555555555556
12850,0.28535555555555553
12851,0.9023377777777778
12852,0.69732
12853,0.5066777777777778
12854,0.38721333333333324
12855,0.7759377777777777
12856,0.08674666666666664
12857,0.22380666666666668
12858,0.3383277777777778
12859,0.4627177777777778
12860,0.21689777777777777
12861,0.2839111111111111
12862,0.4868555555555556
12863,0.9875266666666668
12864,0.14105555555555557
12865,0.22049888888888888
12866,0.05896555555555555
12867,0.3005777777777778
12868,0.5316466666666667
12869,0.09778555555555553
12870,0.3201833333333333
12871,0.47250333333333344
12872,0.9329155555555554
12873,0.23645555555555556
12874,0.5847311111111111
12875,0.7356955555555557
12876,0.7580533333333334
12877,0.4470888888888889
12878,0.76614
12879,0.9645511111111111
12880,0.8148933333333335
12881,0.8080755555555554
12882,0.2890222222222222
12883,0.15846111111111114
12884,0.9828622222222222
12885,0.49500000000000005
12886,0.9831644444444444
12887,0.4835866666666668
12888,0.3056466666666667
12889,0.6008977777777776
12890,0.43192222222222226
12891,0.6498488888888888
12892,0.19020777777777778
12893,0.8102244444444445
12894,0.34592777777777767
12895,0.19829444444444447
12896,0.9126
12897,0.6049488888888889
12898,0.14625444444444444
12899,0.9994688888888893
12900,0.9869555555555557
12901,0.9907066666666665
12902,0.9863777777777779
12903,0.9731844444444446
12904,0.9858022222222221
12905,0.9808466666666668
12906,0.9949466666666665
12907,0.7885822222222222
12908,0.9771799999999998
12909,0.9718355555555555
12910,0.9614311111111111
12911,0.9818422222222223
12912,0.9781622222222222
12913,0.7335155555555556
12914,0.9172600000000002
12915,0.8808311111111111
12916,0.1140388888888889
12917,0.9889555555555556
12918,0.9855377777777776
12919,0.9100377777777777
12920,0.7504355555555557
12921,0.9800777777777777
12922,0.7929311111111109
12923,0.9790466666666667
12924,0.9767800000000001
12925,0.9198311111111113
12926,0.9493155555555557
12927,0.8766288888888892
12928,0.9726666666666667
12929,0.9877599999999999
12930,0.9953755555555555
12931,0.9739222222222224
12932,0.9920044444444441
12933,0.9654511111111109
12934,0.4531
12935,0.9942022222222221
12936,0.99416
12937,0.9959355555555555
12938,0.93664
12939,0.9837533333333331
12940,0.8662577777777777
12941,0.9698577777777776
12942,0.9955333333333333
12943,0.9895866666666664
12944,0.9705444444444445
12945,0.9991222222222221
12946,0.9895666666666666
12947,0.9915733333333333
12948,0.9689711111111112
12949,0.9920088888888888
12950,0.9079888888888888
12951,0.8842599999999999
12952,0.8688600000000001
12953,0.5753888888888888
12954,0.9732022222222222
12955,0.8985088888888887
12956,0.9727088888888887
12957,0.5874688888888889
12958,0.9359888888888889
12959,0.9924377777777776
12960,0.9853111111111108
12961,0.9988444444444443
12962,0.9442022222222222
12963,0.8272933333333334
12964,0.8899000000000002
12965,0.9790888888888888
12966,0.9025244444444445
12967,0.8387133333333332
12968,0.9819022222222222
12969,0.9673000000000002
12970,0.9901511111111111
12971,0.6815311111111111
12972,0.6672666666666666
12973,0.8713533333333333
12974,0.9098266666666669
12975,0.9835488888888889
12976,0.9742711111111112
12977,0.901657777777778
12978,0.9422266666666667
12979,0.9501577777777778
12980,0.9875333333333333
12981,0.4504844444444445
12982,0.9857266666666668
12983,0.9979644444444445
12984,0.9729000000000001
12985,0.9814844444444445
12986,0.9807377777777777
12987,0.9883511111111108
12988,0.9927355555555555
12989,0.8143933333333333
12990,0.9923688888888892
12991,0.9989222222222224
12992,0.8496044444444443
12993,0.8975177777777777
12994,0.9634511111111111
12995,0.9585688888888889
12996,0.9102199999999999
12997,0.9178755555555557
12998,0.8843555555555552
12999,0.9912644444444444
13000,0.9788933333333333
